seat_id,row_id,seat_number
1,1,1
2,1,2
3,1,3
4,1,4
5,1,5
6,1,6
7,1,7
8,1,8
9,1,9
10,1,10
11,1,11
12,1,12
13,1,13
14,1,14
15,1,15
16,1,16
17,1,17
18,1,18
19,1,19
20,1,20
21,2,1
22,2,2
23,2,3
24,2,4
25,2,5
26,2,6
27,2,7
28,2,8
29,2,9
30,2,10
31,2,11
32,2,12
33,2,13
34,2,14
35,2,15
36,2,16
37,2,17
38,2,18
39,2,19
40,2,20
41,3,1
42,3,2
43,3,3
44,3,4
45,3,5
46,3,6
47,3,7
48,3,8
49,3,9
50,3,10
51,3,11
52,3,12
53,3,13
54,3,14
55,3,15
56,3,16
57,3,17
58,3,18
59,3,19
60,3,20
61,4,1
62,4,2
63,4,3
64,4,4
65,4,5
66,4,6
67,4,7
68,4,8
69,4,9
70,4,10
71,4,11
72,4,12
73,4,13
74,4,14
75,4,15
76,4,16
77,4,17
78,4,18
79,4,19
80,4,20
81,5,1
82,5,2
83,5,3
84,5,4
85,5,5
86,5,6
87,5,7
88,5,8
89,5,9
90,5,10
91,5,11
92,5,12
93,5,13
94,5,14
95,5,15
96,5,16
97,5,17
98,5,18
99,5,19
100,5,20
101,6,1
102,6,2
103,6,3
104,6,4
105,6,5
106,6,6
107,6,7
108,6,8
109,6,9
110,6,10
111,6,11
112,6,12
113,6,13
114,6,14
115,6,15
116,6,16
117,6,17
118,6,18
119,6,19
120,6,20
121,7,1
122,7,2
123,7,3
124,7,4
125,7,5
126,7,6
127,7,7
128,7,8
129,7,9
130,7,10
131,7,11
132,7,12
133,7,13
134,7,14
135,7,15
136,7,16
137,7,17
138,7,18
139,7,19
140,7,20
141,8,1
142,8,2
143,8,3
144,8,4
145,8,5
146,8,6
147,8,7
148,8,8
149,8,9
150,8,10
151,8,11
152,8,12
153,8,13
154,8,14
155,8,15
156,8,16
157,8,17
158,8,18
159,8,19
160,8,20
161,9,1
162,9,2
163,9,3
164,9,4
165,9,5
166,9,6
167,9,7
168,9,8
169,9,9
170,9,10
171,9,11
172,9,12
173,9,13
174,9,14
175,9,15
176,9,16
177,9,17
178,9,18
179,9,19
180,9,20
181,10,1
182,10,2
183,10,3
184,10,4
185,10,5
186,10,6
187,10,7
188,10,8
189,10,9
190,10,10
191,10,11
192,10,12
193,10,13
194,10,14
195,10,15
196,10,16
197,10,17
198,10,18
199,10,19
200,10,20
201,11,1
202,11,2
203,11,3
204,11,4
205,11,5
206,11,6
207,11,7
208,11,8
209,11,9
210,11,10
211,11,11
212,11,12
213,11,13
214,11,14
215,11,15
216,11,16
217,11,17
218,11,18
219,11,19
220,11,20
221,11,21
222,11,22
223,12,1
224,12,2
225,12,3
226,12,4
227,12,5
228,12,6
229,12,7
230,12,8
231,12,9
232,12,10
233,12,11
234,12,12
235,12,13
236,12,14
237,12,15
238,12,16
239,12,17
240,12,18
241,12,19
242,12,20
243,12,21
244,12,22
245,13,1
246,13,2
247,13,3
248,13,4
249,13,5
250,13,6
251,13,7
252,13,8
253,13,9
254,13,10
255,13,11
256,13,12
257,13,13
258,13,14
259,13,15
260,13,16
261,13,17
262,13,18
263,13,19
264,13,20
265,13,21
266,13,22
267,14,1
268,14,2
269,14,3
270,14,4
271,14,5
272,14,6
273,14,7
274,14,8
275,14,9
276,14,10
277,14,11
278,14,12
279,14,13
280,14,14
281,14,15
282,14,16
283,14,17
284,14,18
285,14,19
286,14,20
287,14,21
288,14,22
289,15,1
290,15,2
291,15,3
292,15,4
293,15,5
294,15,6
295,15,7
296,15,8
297,15,9
298,15,10
299,15,11
300,15,12
301,15,13
302,15,14
303,15,15
304,15,16
305,15,17
306,15,18
307,15,19
308,15,20
309,15,21
310,15,22
311,16,1
312,16,2
313,16,3
314,16,4
315,16,5
316,16,6
317,16,7
318,16,8
319,16,9
320,16,10
321,16,11
322,16,12
323,16,13
324,16,14
325,16,15
326,16,16
327,16,17
328,16,18
329,16,19
330,16,20
331,16,21
332,16,22
333,17,1
334,17,2
335,17,3
336,17,4
337,17,5
338,17,6
339,17,7
340,17,8
341,17,9
342,17,10
343,17,11
344,17,12
345,17,13
346,17,14
347,17,15
348,17,16
349,17,17
350,17,18
351,17,19
352,17,20
353,17,21
354,17,22
355,18,1
356,18,2
357,18,3
358,18,4
359,18,5
360,18,6
361,18,7
362,18,8
363,18,9
364,18,10
365,18,11
366,18,12
367,18,13
368,18,14
369,18,15
370,18,16
371,18,17
372,18,18
373,18,19
374,18,20
375,18,21
376,18,22
377,19,1
378,19,2
379,19,3
380,19,4
381,19,5
382,19,6
383,19,7
384,19,8
385,19,9
386,19,10
387,19,11
388,19,12
389,19,13
390,19,14
391,19,15
392,19,16
393,19,17
394,19,18
395,19,19
396,19,20
397,19,21
398,19,22
399,20,1
400,20,2
401,20,3
402,20,4
403,20,5
404,20,6
405,20,7
406,20,8
407,20,9
408,20,10
409,20,11
410,20,12
411,20,13
412,20,14
413,20,15
414,20,16
415,20,17
416,20,18
417,20,19
418,20,20
419,20,21
420,20,22
421,21,1
422,21,2
423,21,3
424,21,4
425,21,5
426,21,6
427,21,7
428,21,8
429,21,9
430,21,10
431,21,11
432,21,12
433,21,13
434,21,14
435,21,15
436,21,16
437,21,17
438,21,18
439,21,19
440,21,20
441,21,21
442,21,22
443,22,1
444,22,2
445,22,3
446,22,4
447,22,5
448,22,6
449,22,7
450,22,8
451,22,9
452,22,10
453,22,11
454,22,12
455,22,13
456,22,14
457,22,15
458,22,16
459,22,17
460,22,18
461,22,19
462,22,20
463,22,21
464,22,22
465,23,1
466,23,2
467,23,3
468,23,4
469,23,5
470,23,6
471,23,7
472,23,8
473,23,9
474,23,10
475,23,11
476,23,12
477,23,13
478,23,14
479,23,15
480,23,16
481,23,17
482,23,18
483,23,19
484,23,20
485,23,21
486,23,22
487,24,1
488,24,2
489,24,3
490,24,4
491,24,5
492,24,6
493,24,7
494,24,8
495,24,9
496,24,10
497,24,11
498,24,12
499,24,13
500,24,14
501,24,15
502,24,16
503,24,17
504,24,18
505,24,19
506,24,20
507,24,21
508,24,22
509,25,1
510,25,2
511,25,3
512,25,4
513,25,5
514,25,6
515,25,7
516,25,8
517,25,9
518,25,10
519,25,11
520,25,12
521,25,13
522,25,14
523,25,15
524,25,16
525,25,17
526,25,18
527,25,19
528,25,20
529,25,21
530,25,22
531,26,1
532,26,2
533,26,3
534,26,4
535,26,5
536,26,6
537,26,7
538,26,8
539,26,9
540,26,10
541,26,11
542,26,12
543,26,13
544,26,14
545,26,15
546,26,16
547,26,17
548,26,18
549,26,19
550,26,20
551,26,21
552,26,22
553,27,1
554,27,2
555,27,3
556,27,4
557,27,5
558,27,6
559,27,7
560,27,8
561,27,9
562,27,10
563,27,11
564,27,12
565,27,13
566,27,14
567,27,15
568,27,16
569,27,17
570,27,18
571,27,19
572,27,20
573,27,21
574,27,22
575,28,1
576,28,2
577,28,3
578,28,4
579,28,5
580,28,6
581,28,7
582,28,8
583,28,9
584,28,10
585,28,11
586,28,12
587,28,13
588,28,14
589,28,15
590,28,16
591,28,17
592,28,18
593,28,19
594,28,20
595,28,21
596,28,22
597,29,1
598,29,2
599,29,3
600,29,4
601,29,5
602,29,6
603,29,7
604,29,8
605,29,9
606,29,10
607,29,11
608,29,12
609,29,13
610,29,14
611,29,15
612,29,16
613,29,17
614,29,18
615,29,19
616,29,20
617,29,21
618,29,22
619,29,23
620,29,24
621,30,1
622,30,2
623,30,3
624,30,4
625,30,5
626,30,6
627,30,7
628,30,8
629,30,9
630,30,10
631,30,11
632,30,12
633,30,13
634,30,14
635,30,15
636,30,16
637,30,17
638,30,18
639,30,19
640,30,20
641,30,21
642,30,22
643,30,23
644,30,24
645,31,1
646,31,2
647,31,3
648,31,4
649,31,5
650,31,6
651,31,7
652,31,8
653,31,9
654,31,10
655,31,11
656,31,12
657,31,13
658,31,14
659,31,15
660,31,16
661,31,17
662,31,18
663,31,19
664,31,20
665,31,21
666,31,22
667,31,23
668,31,24
669,32,1
670,32,2
671,32,3
672,32,4
673,32,5
674,32,6
675,32,7
676,32,8
677,32,9
678,32,10
679,32,11
680,32,12
681,32,13
682,32,14
683,32,15
684,32,16
685,32,17
686,32,18
687,32,19
688,32,20
689,32,21
690,32,22
691,32,23
692,32,24
693,33,1
694,33,2
695,33,3
696,33,4
697,33,5
698,33,6
699,33,7
700,33,8
701,33,9
702,33,10
703,33,11
704,33,12
705,33,13
706,33,14
707,33,15
708,33,16
709,33,17
710,33,18
711,33,19
712,33,20
713,33,21
714,33,22
715,33,23
716,33,24
717,34,1
718,34,2
719,34,3
720,34,4
721,34,5
722,34,6
723,34,7
724,34,8
725,34,9
726,34,10
727,34,11
728,34,12
729,34,13
730,34,14
731,34,15
732,34,16
733,34,17
734,34,18
735,34,19
736,34,20
737,34,21
738,34,22
739,34,23
740,34,24
741,35,1
742,35,2
743,35,3
744,35,4
745,35,5
746,35,6
747,35,7
748,35,8
749,35,9
750,35,10
751,35,11
752,35,12
753,35,13
754,35,14
755,35,15
756,35,16
757,35,17
758,35,18
759,35,19
760,35,20
761,35,21
762,35,22
763,35,23
764,35,24
765,36,1
766,36,2
767,36,3
768,36,4
769,36,5
770,36,6
771,36,7
772,36,8
773,36,9
774,36,10
775,36,11
776,36,12
777,36,13
778,36,14
779,36,15
780,36,16
781,36,17
782,36,18
783,36,19
784,36,20
785,36,21
786,36,22
787,36,23
788,36,24
789,37,1
790,37,2
791,37,3
792,37,4
793,37,5
794,37,6
795,37,7
796,37,8
797,37,9
798,37,10
799,37,11
800,37,12
801,37,13
802,37,14
803,37,15
804,37,16
805,37,17
806,37,18
807,37,19
808,37,20
809,37,21
810,37,22
811,37,23
812,37,24
813,38,1
814,38,2
815,38,3
816,38,4
817,38,5
818,38,6
819,38,7
820,38,8
821,38,9
822,38,10
823,38,11
824,38,12
825,38,13
826,38,14
827,38,15
828,38,16
829,38,17
830,38,18
831,38,19
832,38,20
833,38,21
834,38,22
835,38,23
836,38,24
837,39,1
838,39,2
839,39,3
840,39,4
841,39,5
842,39,6
843,39,7
844,39,8
845,39,9
846,39,10
847,39,11
848,39,12
849,39,13
850,39,14
851,39,15
852,39,16
853,39,17
854,39,18
855,39,19
856,39,20
857,39,21
858,39,22
859,39,23
860,39,24
861,40,1
862,40,2
863,40,3
864,40,4
865,40,5
866,40,6
867,40,7
868,40,8
869,40,9
870,40,10
871,40,11
872,40,12
873,40,13
874,40,14
875,40,15
876,40,16
877,40,17
878,40,18
879,40,19
880,40,20
881,40,21
882,40,22
883,40,23
884,40,24
885,41,1
886,41,2
887,41,3
888,41,4
889,41,5
890,41,6
891,41,7
892,41,8
893,41,9
894,41,10
895,41,11
896,41,12
897,41,13
898,41,14
899,41,15
900,41,16
901,41,17
902,41,18
903,41,19
904,41,20
905,41,21
906,41,22
907,41,23
908,41,24
909,42,1
910,42,2
911,42,3
912,42,4
913,42,5
914,42,6
915,42,7
916,42,8
917,42,9
918,42,10
919,42,11
920,42,12
921,42,13
922,42,14
923,42,15
924,42,16
925,42,17
926,42,18
927,42,19
928,42,20
929,42,21
930,42,22
931,42,23
932,42,24
933,43,1
934,43,2
935,43,3
936,43,4
937,43,5
938,43,6
939,43,7
940,43,8
941,43,9
942,43,10
943,43,11
944,43,12
945,43,13
946,43,14
947,43,15
948,43,16
949,43,17
950,43,18
951,43,19
952,43,20
953,43,21
954,43,22
955,43,23
956,43,24
957,44,1
958,44,2
959,44,3
960,44,4
961,44,5
962,44,6
963,44,7
964,44,8
965,44,9
966,44,10
967,44,11
968,44,12
969,44,13
970,44,14
971,44,15
972,44,16
973,44,17
974,44,18
975,44,19
976,44,20
977,44,21
978,44,22
979,44,23
980,44,24
981,45,1
982,45,2
983,45,3
984,45,4
985,45,5
986,45,6
987,45,7
988,45,8
989,45,9
990,45,10
991,45,11
992,45,12
993,45,13
994,45,14
995,45,15
996,45,16
997,45,17
998,45,18
999,45,19
1000,45,20
1001,45,21
1002,45,22
1003,45,23
1004,45,24
1005,46,1
1006,46,2
1007,46,3
1008,46,4
1009,46,5
1010,46,6
1011,46,7
1012,46,8
1013,46,9
1014,46,10
1015,46,11
1016,46,12
1017,46,13
1018,46,14
1019,46,15
1020,46,16
1021,46,17
1022,46,18
1023,46,19
1024,46,20
1025,46,21
1026,46,22
1027,46,23
1028,46,24
1029,47,1
1030,47,2
1031,47,3
1032,47,4
1033,47,5
1034,47,6
1035,47,7
1036,47,8
1037,47,9
1038,47,10
1039,47,11
1040,47,12
1041,47,13
1042,47,14
1043,47,15
1044,47,16
1045,47,17
1046,47,18
1047,47,19
1048,47,20
1049,47,21
1050,47,22
1051,47,23
1052,47,24
1053,48,1
1054,48,2
1055,48,3
1056,48,4
1057,48,5
1058,48,6
1059,48,7
1060,48,8
1061,48,9
1062,48,10
1063,48,11
1064,48,12
1065,48,13
1066,48,14
1067,48,15
1068,48,16
1069,48,17
1070,48,18
1071,48,19
1072,48,20
1073,48,21
1074,48,22
1075,48,23
1076,48,24
1077,49,1
1078,49,2
1079,49,3
1080,49,4
1081,49,5
1082,49,6
1083,49,7
1084,49,8
1085,49,9
1086,49,10
1087,49,11
1088,49,12
1089,49,13
1090,49,14
1091,49,15
1092,49,16
1093,49,17
1094,49,18
1095,49,19
1096,49,20
1097,49,21
1098,49,22
1099,49,23
1100,49,24
1101,50,1
1102,50,2
1103,50,3
1104,50,4
1105,50,5
1106,50,6
1107,50,7
1108,50,8
1109,50,9
1110,50,10
1111,50,11
1112,50,12
1113,50,13
1114,50,14
1115,50,15
1116,50,16
1117,50,17
1118,50,18
1119,50,19
1120,50,20
1121,50,21
1122,50,22
1123,50,23
1124,50,24
1125,51,1
1126,51,2
1127,51,3
1128,51,4
1129,51,5
1130,51,6
1131,51,7
1132,51,8
1133,51,9
1134,51,10
1135,51,11
1136,51,12
1137,51,13
1138,51,14
1139,51,15
1140,51,16
1141,51,17
1142,51,18
1143,51,19
1144,51,20
1145,51,21
1146,51,22
1147,51,23
1148,51,24
1149,52,1
1150,52,2
1151,52,3
1152,52,4
1153,52,5
1154,52,6
1155,52,7
1156,52,8
1157,52,9
1158,52,10
1159,52,11
1160,52,12
1161,52,13
1162,52,14
1163,52,15
1164,52,16
1165,52,17
1166,52,18
1167,52,19
1168,52,20
1169,52,21
1170,52,22
1171,52,23
1172,52,24
1173,53,1
1174,53,2
1175,53,3
1176,53,4
1177,53,5
1178,53,6
1179,53,7
1180,53,8
1181,53,9
1182,53,10
1183,53,11
1184,53,12
1185,53,13
1186,53,14
1187,53,15
1188,53,16
1189,53,17
1190,53,18
1191,53,19
1192,53,20
1193,53,21
1194,53,22
1195,53,23
1196,53,24
1197,53,25
1198,53,26
1199,53,27
1200,53,28
1201,54,1
1202,54,2
1203,54,3
1204,54,4
1205,54,5
1206,54,6
1207,54,7
1208,54,8
1209,54,9
1210,54,10
1211,54,11
1212,54,12
1213,54,13
1214,54,14
1215,54,15
1216,54,16
1217,54,17
1218,54,18
1219,54,19
1220,54,20
1221,54,21
1222,54,22
1223,54,23
1224,54,24
1225,54,25
1226,54,26
1227,54,27
1228,54,28
1229,55,1
1230,55,2
1231,55,3
1232,55,4
1233,55,5
1234,55,6
1235,55,7
1236,55,8
1237,55,9
1238,55,10
1239,55,11
1240,55,12
1241,55,13
1242,55,14
1243,55,15
1244,55,16
1245,55,17
1246,55,18
1247,55,19
1248,55,20
1249,55,21
1250,55,22
1251,55,23
1252,55,24
1253,55,25
1254,55,26
1255,55,27
1256,55,28
1257,56,1
1258,56,2
1259,56,3
1260,56,4
1261,56,5
1262,56,6
1263,56,7
1264,56,8
1265,56,9
1266,56,10
1267,56,11
1268,56,12
1269,56,13
1270,56,14
1271,56,15
1272,56,16
1273,56,17
1274,56,18
1275,56,19
1276,56,20
1277,56,21
1278,56,22
1279,56,23
1280,56,24
1281,56,25
1282,56,26
1283,56,27
1284,56,28
1285,57,1
1286,57,2
1287,57,3
1288,57,4
1289,57,5
1290,57,6
1291,57,7
1292,57,8
1293,57,9
1294,57,10
1295,57,11
1296,57,12
1297,57,13
1298,57,14
1299,57,15
1300,57,16
1301,57,17
1302,57,18
1303,57,19
1304,57,20
1305,57,21
1306,57,22
1307,57,23
1308,57,24
1309,57,25
1310,57,26
1311,57,27
1312,57,28
1313,58,1
1314,58,2
1315,58,3
1316,58,4
1317,58,5
1318,58,6
1319,58,7
1320,58,8
1321,58,9
1322,58,10
1323,58,11
1324,58,12
1325,58,13
1326,58,14
1327,58,15
1328,58,16
1329,58,17
1330,58,18
1331,58,19
1332,58,20
1333,58,21
1334,58,22
1335,58,23
1336,58,24
1337,58,25
1338,58,26
1339,58,27
1340,58,28
1341,59,1
1342,59,2
1343,59,3
1344,59,4
1345,59,5
1346,59,6
1347,59,7
1348,59,8
1349,59,9
1350,59,10
1351,59,11
1352,59,12
1353,59,13
1354,59,14
1355,59,15
1356,59,16
1357,59,17
1358,59,18
1359,59,19
1360,59,20
1361,59,21
1362,59,22
1363,59,23
1364,59,24
1365,59,25
1366,59,26
1367,59,27
1368,59,28
1369,60,1
1370,60,2
1371,60,3
1372,60,4
1373,60,5
1374,60,6
1375,60,7
1376,60,8
1377,60,9
1378,60,10
1379,60,11
1380,60,12
1381,60,13
1382,60,14
1383,60,15
1384,60,16
1385,60,17
1386,60,18
1387,60,19
1388,60,20
1389,60,21
1390,60,22
1391,60,23
1392,60,24
1393,60,25
1394,60,26
1395,60,27
1396,60,28
1397,61,1
1398,61,2
1399,61,3
1400,61,4
1401,61,5
1402,61,6
1403,61,7
1404,61,8
1405,61,9
1406,61,10
1407,61,11
1408,61,12
1409,61,13
1410,61,14
1411,61,15
1412,61,16
1413,61,17
1414,61,18
1415,61,19
1416,61,20
1417,61,21
1418,61,22
1419,61,23
1420,61,24
1421,61,25
1422,61,26
1423,61,27
1424,61,28
1425,62,1
1426,62,2
1427,62,3
1428,62,4
1429,62,5
1430,62,6
1431,62,7
1432,62,8
1433,62,9
1434,62,10
1435,62,11
1436,62,12
1437,62,13
1438,62,14
1439,62,15
1440,62,16
1441,62,17
1442,62,18
1443,62,19
1444,62,20
1445,62,21
1446,62,22
1447,62,23
1448,62,24
1449,62,25
1450,62,26
1451,62,27
1452,62,28
1453,63,1
1454,63,2
1455,63,3
1456,63,4
1457,63,5
1458,63,6
1459,63,7
1460,63,8
1461,63,9
1462,63,10
1463,63,11
1464,63,12
1465,63,13
1466,63,14
1467,63,15
1468,63,16
1469,63,17
1470,63,18
1471,63,19
1472,63,20
1473,63,21
1474,63,22
1475,63,23
1476,63,24
1477,63,25
1478,63,26
1479,63,27
1480,63,28
1481,64,1
1482,64,2
1483,64,3
1484,64,4
1485,64,5
1486,64,6
1487,64,7
1488,64,8
1489,64,9
1490,64,10
1491,64,11
1492,64,12
1493,64,13
1494,64,14
1495,64,15
1496,64,16
1497,64,17
1498,64,18
1499,64,19
1500,64,20
1501,64,21
1502,64,22
1503,64,23
1504,64,24
1505,64,25
1506,64,26
1507,64,27
1508,64,28
1509,65,1
1510,65,2
1511,65,3
1512,65,4
1513,65,5
1514,65,6
1515,65,7
1516,65,8
1517,65,9
1518,65,10
1519,65,11
1520,65,12
1521,65,13
1522,65,14
1523,65,15
1524,65,16
1525,65,17
1526,65,18
1527,65,19
1528,65,20
1529,65,21
1530,65,22
1531,65,23
1532,65,24
1533,65,25
1534,65,26
1535,65,27
1536,65,28
1537,66,1
1538,66,2
1539,66,3
1540,66,4
1541,66,5
1542,66,6
1543,66,7
1544,66,8
1545,66,9
1546,66,10
1547,66,11
1548,66,12
1549,66,13
1550,66,14
1551,66,15
1552,66,16
1553,66,17
1554,66,18
1555,66,19
1556,66,20
1557,66,21
1558,66,22
1559,66,23
1560,66,24
1561,66,25
1562,66,26
1563,66,27
1564,66,28
1565,67,1
1566,67,2
1567,67,3
1568,67,4
1569,67,5
1570,67,6
1571,67,7
1572,67,8
1573,67,9
1574,67,10
1575,67,11
1576,67,12
1577,67,13
1578,67,14
1579,67,15
1580,67,16
1581,67,17
1582,67,18
1583,67,19
1584,67,20
1585,67,21
1586,67,22
1587,67,23
1588,67,24
1589,67,25
1590,67,26
1591,67,27
1592,67,28
1593,67,29
1594,67,30
1595,68,1
1596,68,2
1597,68,3
1598,68,4
1599,68,5
1600,68,6
1601,68,7
1602,68,8
1603,68,9
1604,68,10
1605,68,11
1606,68,12
1607,68,13
1608,68,14
1609,68,15
1610,68,16
1611,68,17
1612,68,18
1613,68,19
1614,68,20
1615,68,21
1616,68,22
1617,68,23
1618,68,24
1619,68,25
1620,68,26
1621,68,27
1622,68,28
1623,68,29
1624,68,30
1625,69,1
1626,69,2
1627,69,3
1628,69,4
1629,69,5
1630,69,6
1631,69,7
1632,69,8
1633,69,9
1634,69,10
1635,69,11
1636,69,12
1637,69,13
1638,69,14
1639,69,15
1640,69,16
1641,69,17
1642,69,18
1643,69,19
1644,69,20
1645,69,21
1646,69,22
1647,69,23
1648,69,24
1649,69,25
1650,69,26
1651,69,27
1652,69,28
1653,69,29
1654,69,30
1655,70,1
1656,70,2
1657,70,3
1658,70,4
1659,70,5
1660,70,6
1661,70,7
1662,70,8
1663,70,9
1664,70,10
1665,70,11
1666,70,12
1667,70,13
1668,70,14
1669,70,15
1670,70,16
1671,70,17
1672,70,18
1673,70,19
1674,70,20
1675,70,21
1676,70,22
1677,70,23
1678,70,24
1679,70,25
1680,70,26
1681,70,27
1682,70,28
1683,70,29
1684,70,30
1685,71,1
1686,71,2
1687,71,3
1688,71,4
1689,71,5
1690,71,6
1691,71,7
1692,71,8
1693,71,9
1694,71,10
1695,71,11
1696,71,12
1697,71,13
1698,71,14
1699,71,15
1700,71,16
1701,71,17
1702,71,18
1703,71,19
1704,71,20
1705,71,21
1706,71,22
1707,71,23
1708,71,24
1709,71,25
1710,71,26
1711,71,27
1712,71,28
1713,71,29
1714,71,30
1715,72,1
1716,72,2
1717,72,3
1718,72,4
1719,72,5
1720,72,6
1721,72,7
1722,72,8
1723,72,9
1724,72,10
1725,72,11
1726,72,12
1727,72,13
1728,72,14
1729,72,15
1730,72,16
1731,72,17
1732,72,18
1733,72,19
1734,72,20
1735,72,21
1736,72,22
1737,72,23
1738,72,24
1739,72,25
1740,72,26
1741,72,27
1742,72,28
1743,72,29
1744,72,30
1745,73,1
1746,73,2
1747,73,3
1748,73,4
1749,73,5
1750,73,6
1751,73,7
1752,73,8
1753,73,9
1754,73,10
1755,73,11
1756,73,12
1757,73,13
1758,73,14
1759,73,15
1760,73,16
1761,73,17
1762,73,18
1763,73,19
1764,73,20
1765,73,21
1766,73,22
1767,73,23
1768,73,24
1769,73,25
1770,73,26
1771,73,27
1772,73,28
1773,73,29
1774,73,30
1775,74,1
1776,74,2
1777,74,3
1778,74,4
1779,74,5
1780,74,6
1781,74,7
1782,74,8
1783,74,9
1784,74,10
1785,74,11
1786,74,12
1787,74,13
1788,74,14
1789,74,15
1790,74,16
1791,74,17
1792,74,18
1793,74,19
1794,74,20
1795,74,21
1796,74,22
1797,74,23
1798,74,24
1799,74,25
1800,74,26
1801,74,27
1802,74,28
1803,74,29
1804,74,30
1805,75,1
1806,75,2
1807,75,3
1808,75,4
1809,75,5
1810,75,6
1811,75,7
1812,75,8
1813,75,9
1814,75,10
1815,75,11
1816,75,12
1817,75,13
1818,75,14
1819,75,15
1820,75,16
1821,75,17
1822,75,18
1823,75,19
1824,75,20
1825,75,21
1826,75,22
1827,75,23
1828,75,24
1829,75,25
1830,75,26
1831,75,27
1832,75,28
1833,75,29
1834,75,30
1835,76,1
1836,76,2
1837,76,3
1838,76,4
1839,76,5
1840,76,6
1841,76,7
1842,76,8
1843,76,9
1844,76,10
1845,76,11
1846,76,12
1847,76,13
1848,76,14
1849,76,15
1850,76,16
1851,76,17
1852,76,18
1853,76,19
1854,76,20
1855,76,21
1856,76,22
1857,76,23
1858,76,24
1859,76,25
1860,76,26
1861,76,27
1862,76,28
1863,76,29
1864,76,30
1865,77,1
1866,77,2
1867,77,3
1868,77,4
1869,77,5
1870,77,6
1871,77,7
1872,77,8
1873,77,9
1874,77,10
1875,77,11
1876,77,12
1877,77,13
1878,77,14
1879,77,15
1880,77,16
1881,77,17
1882,77,18
1883,77,19
1884,77,20
1885,77,21
1886,77,22
1887,77,23
1888,77,24
1889,77,25
1890,77,26
1891,77,27
1892,77,28
1893,77,29
1894,77,30
1895,78,1
1896,78,2
1897,78,3
1898,78,4
1899,78,5
1900,78,6
1901,78,7
1902,78,8
1903,78,9
1904,78,10
1905,78,11
1906,78,12
1907,78,13
1908,78,14
1909,78,15
1910,78,16
1911,78,17
1912,78,18
1913,78,19
1914,78,20
1915,78,21
1916,78,22
1917,78,23
1918,78,24
1919,78,25
1920,78,26
1921,78,27
1922,78,28
1923,78,29
1924,78,30
1925,79,1
1926,79,2
1927,79,3
1928,79,4
1929,79,5
1930,79,6
1931,79,7
1932,79,8
1933,79,9
1934,79,10
1935,79,11
1936,79,12
1937,79,13
1938,79,14
1939,79,15
1940,79,16
1941,79,17
1942,79,18
1943,79,19
1944,79,20
1945,79,21
1946,79,22
1947,79,23
1948,79,24
1949,79,25
1950,79,26
1951,79,27
1952,79,28
1953,79,29
1954,79,30
1955,80,1
1956,80,2
1957,80,3
1958,80,4
1959,80,5
1960,80,6
1961,80,7
1962,80,8
1963,80,9
1964,80,10
1965,80,11
1966,80,12
1967,80,13
1968,80,14
1969,80,15
1970,80,16
1971,80,17
1972,80,18
1973,80,19
1974,80,20
1975,80,21
1976,80,22
1977,80,23
1978,80,24
1979,80,25
1980,80,26
1981,80,27
1982,80,28
1983,80,29
1984,80,30
1985,81,1
1986,81,2
1987,81,3
1988,81,4
1989,81,5
1990,81,6
1991,81,7
1992,81,8
1993,81,9
1994,81,10
1995,81,11
1996,81,12
1997,81,13
1998,81,14
1999,81,15
2000,81,16
2001,81,17
2002,81,18
2003,81,19
2004,81,20
2005,81,21
2006,81,22
2007,81,23
2008,81,24
2009,81,25
2010,81,26
2011,81,27
2012,81,28
2013,81,29
2014,81,30
2015,82,1
2016,82,2
2017,82,3
2018,82,4
2019,82,5
2020,82,6
2021,82,7
2022,82,8
2023,82,9
2024,82,10
2025,82,11
2026,82,12
2027,82,13
2028,82,14
2029,82,15
2030,82,16
2031,82,17
2032,82,18
2033,82,19
2034,82,20
2035,82,21
2036,82,22
2037,82,23
2038,82,24
2039,82,25
2040,82,26
2041,82,27
2042,82,28
2043,82,29
2044,82,30
2045,83,1
2046,83,2
2047,83,3
2048,83,4
2049,83,5
2050,83,6
2051,83,7
2052,83,8
2053,83,9
2054,83,10
2055,83,11
2056,83,12
2057,83,13
2058,83,14
2059,83,15
2060,83,16
2061,83,17
2062,83,18
2063,83,19
2064,83,20
2065,83,21
2066,83,22
2067,83,23
2068,83,24
2069,83,25
2070,83,26
2071,83,27
2072,83,28
2073,83,29
2074,83,30
2075,84,1
2076,84,2
2077,84,3
2078,84,4
2079,84,5
2080,84,6
2081,84,7
2082,84,8
2083,84,9
2084,84,10
2085,84,11
2086,84,12
2087,84,13
2088,84,14
2089,84,15
2090,84,16
2091,84,17
2092,84,18
2093,84,19
2094,84,20
2095,84,21
2096,84,22
2097,84,23
2098,84,24
2099,84,25
2100,84,26
2101,84,27
2102,84,28
2103,84,29
2104,84,30
2105,85,1
2106,85,2
2107,85,3
2108,85,4
2109,85,5
2110,85,6
2111,85,7
2112,85,8
2113,85,9
2114,85,10
2115,85,11
2116,85,12
2117,85,13
2118,85,14
2119,85,15
2120,85,16
2121,85,17
2122,85,18
2123,85,19
2124,85,20
2125,85,21
2126,85,22
2127,85,23
2128,85,24
2129,85,25
2130,85,26
2131,85,27
2132,85,28
2133,85,29
2134,85,30
2135,86,1
2136,86,2
2137,86,3
2138,86,4
2139,86,5
2140,86,6
2141,86,7
2142,86,8
2143,86,9
2144,86,10
2145,86,11
2146,86,12
2147,86,13
2148,86,14
2149,86,15
2150,86,16
2151,86,17
2152,86,18
2153,86,19
2154,86,20
2155,86,21
2156,86,22
2157,86,23
2158,86,24
2159,86,25
2160,86,26
2161,86,27
2162,86,28
2163,86,29
2164,86,30
2165,87,1
2166,87,2
2167,87,3
2168,87,4
2169,87,5
2170,87,6
2171,87,7
2172,87,8
2173,87,9
2174,87,10
2175,87,11
2176,87,12
2177,87,13
2178,87,14
2179,87,15
2180,87,16
2181,87,17
2182,87,18
2183,87,19
2184,87,20
2185,87,21
2186,87,22
2187,87,23
2188,87,24
2189,87,25
2190,87,26
2191,87,27
2192,87,28
2193,87,29
2194,87,30
2195,88,1
2196,88,2
2197,88,3
2198,88,4
2199,88,5
2200,88,6
2201,88,7
2202,88,8
2203,88,9
2204,88,10
2205,88,11
2206,88,12
2207,88,13
2208,88,14
2209,88,15
2210,88,16
2211,88,17
2212,88,18
2213,88,19
2214,88,20
2215,88,21
2216,88,22
2217,88,23
2218,88,24
2219,88,25
2220,88,26
2221,88,27
2222,88,28
2223,88,29
2224,88,30
2225,89,1
2226,89,2
2227,89,3
2228,89,4
2229,89,5
2230,89,6
2231,89,7
2232,89,8
2233,89,9
2234,89,10
2235,89,11
2236,89,12
2237,89,13
2238,89,14
2239,89,15
2240,89,16
2241,89,17
2242,89,18
2243,89,19
2244,89,20
2245,89,21
2246,89,22
2247,89,23
2248,89,24
2249,89,25
2250,89,26
2251,89,27
2252,89,28
2253,89,29
2254,89,30
2255,90,1
2256,90,2
2257,90,3
2258,90,4
2259,90,5
2260,90,6
2261,90,7
2262,90,8
2263,90,9
2264,90,10
2265,90,11
2266,90,12
2267,90,13
2268,90,14
2269,90,15
2270,90,16
2271,90,17
2272,90,18
2273,90,19
2274,90,20
2275,90,21
2276,90,22
2277,90,23
2278,90,24
2279,90,25
2280,90,26
2281,90,27
2282,90,28
2283,90,29
2284,90,30
2285,91,1
2286,91,2
2287,91,3
2288,91,4
2289,91,5
2290,91,6
2291,91,7
2292,91,8
2293,91,9
2294,91,10
2295,91,11
2296,91,12
2297,91,13
2298,91,14
2299,91,15
2300,91,16
2301,91,17
2302,91,18
2303,91,19
2304,91,20
2305,91,21
2306,91,22
2307,91,23
2308,91,24
2309,91,25
2310,91,26
2311,91,27
2312,91,28
2313,91,29
2314,91,30
2315,92,1
2316,92,2
2317,92,3
2318,92,4
2319,92,5
2320,92,6
2321,92,7
2322,92,8
2323,92,9
2324,92,10
2325,92,11
2326,92,12
2327,92,13
2328,92,14
2329,92,15
2330,92,16
2331,92,17
2332,92,18
2333,92,19
2334,92,20
2335,92,21
2336,92,22
2337,92,23
2338,92,24
2339,92,25
2340,92,26
2341,92,27
2342,92,28
2343,92,29
2344,92,30
2345,93,1
2346,93,2
2347,93,3
2348,93,4
2349,93,5
2350,93,6
2351,93,7
2352,93,8
2353,93,9
2354,93,10
2355,93,11
2356,93,12
2357,93,13
2358,93,14
2359,93,15
2360,93,16
2361,93,17
2362,93,18
2363,93,19
2364,93,20
2365,93,21
2366,93,22
2367,93,23
2368,93,24
2369,93,25
2370,93,26
2371,93,27
2372,93,28
2373,93,29
2374,93,30
2375,93,31
2376,93,32
2377,94,1
2378,94,2
2379,94,3
2380,94,4
2381,94,5
2382,94,6
2383,94,7
2384,94,8
2385,94,9
2386,94,10
2387,94,11
2388,94,12
2389,94,13
2390,94,14
2391,94,15
2392,94,16
2393,94,17
2394,94,18
2395,94,19
2396,94,20
2397,94,21
2398,94,22
2399,94,23
2400,94,24
2401,94,25
2402,94,26
2403,94,27
2404,94,28
2405,94,29
2406,94,30
2407,94,31
2408,94,32
2409,95,1
2410,95,2
2411,95,3
2412,95,4
2413,95,5
2414,95,6
2415,95,7
2416,95,8
2417,95,9
2418,95,10
2419,95,11
2420,95,12
2421,95,13
2422,95,14
2423,95,15
2424,95,16
2425,95,17
2426,95,18
2427,95,19
2428,95,20
2429,95,21
2430,95,22
2431,95,23
2432,95,24
2433,95,25
2434,95,26
2435,95,27
2436,95,28
2437,95,29
2438,95,30
2439,95,31
2440,95,32
2441,96,1
2442,96,2
2443,96,3
2444,96,4
2445,96,5
2446,96,6
2447,96,7
2448,96,8
2449,96,9
2450,96,10
2451,96,11
2452,96,12
2453,96,13
2454,96,14
2455,96,15
2456,96,16
2457,96,17
2458,96,18
2459,96,19
2460,96,20
2461,96,21
2462,96,22
2463,96,23
2464,96,24
2465,96,25
2466,96,26
2467,96,27
2468,96,28
2469,96,29
2470,96,30
2471,96,31
2472,96,32
2473,97,1
2474,97,2
2475,97,3
2476,97,4
2477,97,5
2478,97,6
2479,97,7
2480,97,8
2481,97,9
2482,97,10
2483,97,11
2484,97,12
2485,97,13
2486,97,14
2487,97,15
2488,97,16
2489,97,17
2490,97,18
2491,97,19
2492,97,20
2493,97,21
2494,97,22
2495,97,23
2496,97,24
2497,97,25
2498,97,26
2499,97,27
2500,97,28
2501,97,29
2502,97,30
2503,97,31
2504,97,32
2505,98,1
2506,98,2
2507,98,3
2508,98,4
2509,98,5
2510,98,6
2511,98,7
2512,98,8
2513,98,9
2514,98,10
2515,98,11
2516,98,12
2517,98,13
2518,98,14
2519,98,15
2520,98,16
2521,98,17
2522,98,18
2523,98,19
2524,98,20
2525,98,21
2526,98,22
2527,98,23
2528,98,24
2529,98,25
2530,98,26
2531,98,27
2532,98,28
2533,98,29
2534,98,30
2535,98,31
2536,98,32
2537,99,1
2538,99,2
2539,99,3
2540,99,4
2541,99,5
2542,99,6
2543,99,7
2544,99,8
2545,99,9
2546,99,10
2547,99,11
2548,99,12
2549,99,13
2550,99,14
2551,99,15
2552,99,16
2553,99,17
2554,99,18
2555,99,19
2556,99,20
2557,99,21
2558,99,22
2559,99,23
2560,99,24
2561,99,25
2562,99,26
2563,99,27
2564,99,28
2565,99,29
2566,99,30
2567,99,31
2568,99,32
2569,100,1
2570,100,2
2571,100,3
2572,100,4
2573,100,5
2574,100,6
2575,100,7
2576,100,8
2577,100,9
2578,100,10
2579,100,11
2580,100,12
2581,100,13
2582,100,14
2583,100,15
2584,100,16
2585,100,17
2586,100,18
2587,100,19
2588,100,20
2589,100,21
2590,100,22
2591,100,23
2592,100,24
2593,100,25
2594,100,26
2595,100,27
2596,100,28
2597,100,29
2598,100,30
2599,100,31
2600,100,32
2601,101,1
2602,101,2
2603,101,3
2604,101,4
2605,101,5
2606,101,6
2607,101,7
2608,101,8
2609,101,9
2610,101,10
2611,101,11
2612,101,12
2613,101,13
2614,101,14
2615,101,15
2616,101,16
2617,101,17
2618,101,18
2619,101,19
2620,101,20
2621,101,21
2622,101,22
2623,101,23
2624,101,24
2625,101,25
2626,101,26
2627,101,27
2628,101,28
2629,101,29
2630,101,30
2631,101,31
2632,101,32
2633,102,1
2634,102,2
2635,102,3
2636,102,4
2637,102,5
2638,102,6
2639,102,7
2640,102,8
2641,102,9
2642,102,10
2643,102,11
2644,102,12
2645,102,13
2646,102,14
2647,102,15
2648,102,16
2649,102,17
2650,102,18
2651,102,19
2652,102,20
2653,102,21
2654,102,22
2655,102,23
2656,102,24
2657,102,25
2658,102,26
2659,102,27
2660,102,28
2661,102,29
2662,102,30
2663,102,31
2664,102,32
2665,103,1
2666,103,2
2667,103,3
2668,103,4
2669,103,5
2670,103,6
2671,103,7
2672,103,8
2673,103,9
2674,103,10
2675,103,11
2676,103,12
2677,103,13
2678,103,14
2679,103,15
2680,103,16
2681,103,17
2682,103,18
2683,103,19
2684,103,20
2685,103,21
2686,103,22
2687,103,23
2688,103,24
2689,103,25
2690,103,26
2691,103,27
2692,103,28
2693,103,29
2694,103,30
2695,103,31
2696,103,32
2697,104,1
2698,104,2
2699,104,3
2700,104,4
2701,104,5
2702,104,6
2703,104,7
2704,104,8
2705,104,9
2706,104,10
2707,104,11
2708,104,12
2709,104,13
2710,104,14
2711,104,15
2712,104,16
2713,104,17
2714,104,18
2715,104,19
2716,104,20
2717,104,21
2718,104,22
2719,104,23
2720,104,24
2721,104,25
2722,104,26
2723,104,27
2724,104,28
2725,104,29
2726,104,30
2727,104,31
2728,104,32
2729,105,1
2730,105,2
2731,105,3
2732,105,4
2733,105,5
2734,105,6
2735,105,7
2736,105,8
2737,105,9
2738,105,10
2739,105,11
2740,105,12
2741,105,13
2742,105,14
2743,105,15
2744,105,16
2745,105,17
2746,105,18
2747,105,19
2748,105,20
2749,105,21
2750,105,22
2751,105,23
2752,105,24
2753,105,25
2754,105,26
2755,105,27
2756,105,28
2757,105,29
2758,105,30
2759,105,31
2760,105,32
2761,106,1
2762,106,2
2763,106,3
2764,106,4
2765,106,5
2766,106,6
2767,106,7
2768,106,8
2769,106,9
2770,106,10
2771,106,11
2772,106,12
2773,106,13
2774,106,14
2775,106,15
2776,106,16
2777,106,17
2778,106,18
2779,106,19
2780,106,20
2781,106,21
2782,106,22
2783,106,23
2784,106,24
2785,106,25
2786,106,26
2787,106,27
2788,106,28
2789,106,29
2790,106,30
2791,106,31
2792,106,32
2793,107,1
2794,107,2
2795,107,3
2796,107,4
2797,107,5
2798,107,6
2799,107,7
2800,107,8
2801,107,9
2802,107,10
2803,107,11
2804,107,12
2805,107,13
2806,107,14
2807,107,15
2808,107,16
2809,107,17
2810,107,18
2811,107,19
2812,107,20
2813,107,21
2814,107,22
2815,107,23
2816,107,24
2817,107,25
2818,107,26
2819,107,27
2820,107,28
2821,107,29
2822,107,30
2823,107,31
2824,107,32
2825,108,1
2826,108,2
2827,108,3
2828,108,4
2829,108,5
2830,108,6
2831,108,7
2832,108,8
2833,108,9
2834,108,10
2835,108,11
2836,108,12
2837,108,13
2838,108,14
2839,108,15
2840,108,16
2841,108,17
2842,108,18
2843,108,19
2844,108,20
2845,108,21
2846,108,22
2847,108,23
2848,108,24
2849,108,25
2850,108,26
2851,108,27
2852,108,28
2853,108,29
2854,108,30
2855,108,31
2856,108,32
2857,109,1
2858,109,2
2859,109,3
2860,109,4
2861,109,5
2862,109,6
2863,109,7
2864,109,8
2865,109,9
2866,109,10
2867,109,11
2868,109,12
2869,109,13
2870,109,14
2871,109,15
2872,109,16
2873,109,17
2874,109,18
2875,109,19
2876,109,20
2877,109,21
2878,109,22
2879,109,23
2880,109,24
2881,109,25
2882,109,26
2883,109,27
2884,109,28
2885,109,29
2886,109,30
2887,109,31
2888,109,32
2889,110,1
2890,110,2
2891,110,3
2892,110,4
2893,110,5
2894,110,6
2895,110,7
2896,110,8
2897,110,9
2898,110,10
2899,110,11
2900,110,12
2901,110,13
2902,110,14
2903,110,15
2904,110,16
2905,110,17
2906,110,18
2907,110,19
2908,110,20
2909,110,21
2910,110,22
2911,110,23
2912,110,24
2913,110,25
2914,110,26
2915,110,27
2916,110,28
2917,110,29
2918,110,30
2919,110,31
2920,110,32
2921,111,1
2922,111,2
2923,111,3
2924,111,4
2925,111,5
2926,111,6
2927,111,7
2928,111,8
2929,111,9
2930,111,10
2931,111,11
2932,111,12
2933,111,13
2934,111,14
2935,111,15
2936,111,16
2937,111,17
2938,111,18
2939,111,19
2940,111,20
2941,111,21
2942,111,22
2943,111,23
2944,111,24
2945,111,25
2946,111,26
2947,111,27
2948,111,28
2949,111,29
2950,111,30
2951,111,31
2952,111,32
2953,112,1
2954,112,2
2955,112,3
2956,112,4
2957,112,5
2958,112,6
2959,112,7
2960,112,8
2961,112,9
2962,112,10
2963,112,11
2964,112,12
2965,112,13
2966,112,14
2967,112,15
2968,112,16
2969,112,17
2970,112,18
2971,112,19
2972,112,20
2973,112,21
2974,112,22
2975,112,23
2976,112,24
2977,112,25
2978,112,26
2979,112,27
2980,112,28
2981,112,29
2982,112,30
2983,112,31
2984,112,32
2985,113,1
2986,113,2
2987,113,3
2988,113,4
2989,113,5
2990,113,6
2991,113,7
2992,113,8
2993,113,9
2994,113,10
2995,113,11
2996,113,12
2997,113,13
2998,113,14
2999,113,15
3000,113,16
3001,113,17
3002,113,18
3003,113,19
3004,113,20
3005,113,21
3006,113,22
3007,113,23
3008,113,24
3009,113,25
3010,113,26
3011,113,27
3012,113,28
3013,113,29
3014,113,30
3015,113,31
3016,113,32
3017,114,1
3018,114,2
3019,114,3
3020,114,4
3021,114,5
3022,114,6
3023,114,7
3024,114,8
3025,114,9
3026,114,10
3027,114,11
3028,114,12
3029,114,13
3030,114,14
3031,114,15
3032,114,16
3033,114,17
3034,114,18
3035,114,19
3036,114,20
3037,114,21
3038,114,22
3039,114,23
3040,114,24
3041,114,25
3042,114,26
3043,114,27
3044,114,28
3045,114,29
3046,114,30
3047,114,31
3048,114,32
3049,115,1
3050,115,2
3051,115,3
3052,115,4
3053,115,5
3054,115,6
3055,115,7
3056,115,8
3057,115,9
3058,115,10
3059,115,11
3060,115,12
3061,115,13
3062,115,14
3063,115,15
3064,115,16
3065,115,17
3066,115,18
3067,115,19
3068,115,20
3069,115,21
3070,115,22
3071,115,23
3072,115,24
3073,115,25
3074,115,26
3075,115,27
3076,115,28
3077,115,29
3078,115,30
3079,115,31
3080,115,32
3081,116,1
3082,116,2
3083,116,3
3084,116,4
3085,116,5
3086,116,6
3087,116,7
3088,116,8
3089,116,9
3090,116,10
3091,116,11
3092,116,12
3093,116,13
3094,116,14
3095,116,15
3096,116,16
3097,116,17
3098,116,18
3099,116,19
3100,116,20
3101,116,21
3102,116,22
3103,116,23
3104,116,24
3105,116,25
3106,116,26
3107,116,27
3108,116,28
3109,116,29
3110,116,30
3111,116,31
3112,116,32
3113,117,1
3114,117,2
3115,117,3
3116,117,4
3117,117,5
3118,117,6
3119,117,7
3120,117,8
3121,117,9
3122,117,10
3123,117,11
3124,117,12
3125,117,13
3126,117,14
3127,117,15
3128,117,16
3129,117,17
3130,117,18
3131,117,19
3132,117,20
3133,117,21
3134,117,22
3135,117,23
3136,117,24
3137,117,25
3138,117,26
3139,117,27
3140,117,28
3141,117,29
3142,117,30
3143,117,31
3144,117,32
3145,118,1
3146,118,2
3147,118,3
3148,118,4
3149,118,5
3150,118,6
3151,118,7
3152,118,8
3153,118,9
3154,118,10
3155,118,11
3156,118,12
3157,118,13
3158,118,14
3159,118,15
3160,118,16
3161,118,17
3162,118,18
3163,118,19
3164,118,20
3165,118,21
3166,118,22
3167,118,23
3168,118,24
3169,118,25
3170,118,26
3171,118,27
3172,118,28
3173,118,29
3174,118,30
3175,118,31
3176,118,32
3177,119,1
3178,119,2
3179,119,3
3180,119,4
3181,119,5
3182,119,6
3183,119,7
3184,119,8
3185,119,9
3186,119,10
3187,119,11
3188,119,12
3189,119,13
3190,119,14
3191,119,15
3192,119,16
3193,119,17
3194,119,18
3195,119,19
3196,119,20
3197,119,21
3198,119,22
3199,119,23
3200,119,24
3201,119,25
3202,119,26
3203,119,27
3204,119,28
3205,119,29
3206,119,30
3207,119,31
3208,119,32
3209,120,1
3210,120,2
3211,120,3
3212,120,4
3213,120,5
3214,120,6
3215,120,7
3216,120,8
3217,120,9
3218,120,10
3219,120,11
3220,120,12
3221,120,13
3222,120,14
3223,120,15
3224,120,16
3225,120,17
3226,120,18
3227,120,19
3228,120,20
3229,120,21
3230,120,22
3231,120,23
3232,120,24
3233,120,25
3234,120,26
3235,120,27
3236,120,28
3237,120,29
3238,120,30
3239,120,31
3240,120,32
3241,121,1
3242,121,2
3243,121,3
3244,121,4
3245,121,5
3246,121,6
3247,121,7
3248,121,8
3249,121,9
3250,121,10
3251,121,11
3252,121,12
3253,121,13
3254,121,14
3255,121,15
3256,121,16
3257,121,17
3258,121,18
3259,121,19
3260,121,20
3261,121,21
3262,121,22
3263,121,23
3264,121,24
3265,121,25
3266,121,26
3267,121,27
3268,121,28
3269,121,29
3270,121,30
3271,121,31
3272,121,32
3273,122,1
3274,122,2
3275,122,3
3276,122,4
3277,122,5
3278,122,6
3279,122,7
3280,122,8
3281,122,9
3282,122,10
3283,122,11
3284,122,12
3285,122,13
3286,122,14
3287,122,15
3288,122,16
3289,122,17
3290,122,18
3291,122,19
3292,122,20
3293,122,21
3294,122,22
3295,122,23
3296,122,24
3297,122,25
3298,122,26
3299,122,27
3300,122,28
3301,122,29
3302,122,30
3303,122,31
3304,122,32
3305,123,1
3306,123,2
3307,123,3
3308,123,4
3309,123,5
3310,123,6
3311,123,7
3312,123,8
3313,123,9
3314,123,10
3315,123,11
3316,123,12
3317,123,13
3318,123,14
3319,123,15
3320,123,16
3321,123,17
3322,123,18
3323,123,19
3324,123,20
3325,123,21
3326,123,22
3327,123,23
3328,123,24
3329,123,25
3330,123,26
3331,123,27
3332,123,28
3333,123,29
3334,123,30
3335,123,31
3336,123,32
3337,124,1
3338,124,2
3339,124,3
3340,124,4
3341,124,5
3342,124,6
3343,124,7
3344,124,8
3345,124,9
3346,124,10
3347,124,11
3348,124,12
3349,124,13
3350,124,14
3351,124,15
3352,124,16
3353,124,17
3354,124,18
3355,124,19
3356,124,20
3357,124,21
3358,124,22
3359,124,23
3360,124,24
3361,124,25
3362,124,26
3363,124,27
3364,124,28
3365,124,29
3366,124,30
3367,124,31
3368,124,32
3369,125,1
3370,125,2
3371,125,3
3372,125,4
3373,125,5
3374,125,6
3375,125,7
3376,125,8
3377,125,9
3378,125,10
3379,125,11
3380,125,12
3381,125,13
3382,125,14
3383,125,15
3384,125,16
3385,125,17
3386,125,18
3387,125,19
3388,125,20
3389,125,21
3390,125,22
3391,125,23
3392,125,24
3393,125,25
3394,125,26
3395,125,27
3396,125,28
3397,125,29
3398,125,30
3399,125,31
3400,125,32
3401,126,1
3402,126,2
3403,126,3
3404,126,4
3405,126,5
3406,126,6
3407,126,7
3408,126,8
3409,126,9
3410,126,10
3411,126,11
3412,126,12
3413,126,13
3414,126,14
3415,126,15
3416,126,16
3417,126,17
3418,126,18
3419,126,19
3420,126,20
3421,126,21
3422,126,22
3423,126,23
3424,126,24
3425,126,25
3426,126,26
3427,126,27
3428,126,28
3429,126,29
3430,126,30
3431,126,31
3432,126,32
3433,127,1
3434,127,2
3435,127,3
3436,127,4
3437,127,5
3438,127,6
3439,127,7
3440,127,8
3441,127,9
3442,127,10
3443,127,11
3444,127,12
3445,127,13
3446,127,14
3447,127,15
3448,127,16
3449,127,17
3450,127,18
3451,127,19
3452,127,20
3453,127,21
3454,127,22
3455,127,23
3456,127,24
3457,128,1
3458,128,2
3459,128,3
3460,128,4
3461,128,5
3462,128,6
3463,128,7
3464,128,8
3465,128,9
3466,128,10
3467,128,11
3468,128,12
3469,128,13
3470,128,14
3471,128,15
3472,128,16
3473,128,17
3474,128,18
3475,128,19
3476,128,20
3477,128,21
3478,128,22
3479,128,23
3480,128,24
3481,129,1
3482,129,2
3483,129,3
3484,129,4
3485,129,5
3486,129,6
3487,129,7
3488,129,8
3489,129,9
3490,129,10
3491,129,11
3492,129,12
3493,129,13
3494,129,14
3495,129,15
3496,129,16
3497,129,17
3498,129,18
3499,129,19
3500,129,20
3501,129,21
3502,129,22
3503,129,23
3504,129,24
3505,130,1
3506,130,2
3507,130,3
3508,130,4
3509,130,5
3510,130,6
3511,130,7
3512,130,8
3513,130,9
3514,130,10
3515,130,11
3516,130,12
3517,130,13
3518,130,14
3519,130,15
3520,130,16
3521,130,17
3522,130,18
3523,130,19
3524,130,20
3525,130,21
3526,130,22
3527,130,23
3528,130,24
3529,131,1
3530,131,2
3531,131,3
3532,131,4
3533,131,5
3534,131,6
3535,131,7
3536,131,8
3537,131,9
3538,131,10
3539,131,11
3540,131,12
3541,131,13
3542,131,14
3543,131,15
3544,131,16
3545,131,17
3546,131,18
3547,131,19
3548,131,20
3549,131,21
3550,131,22
3551,131,23
3552,131,24
3553,132,1
3554,132,2
3555,132,3
3556,132,4
3557,132,5
3558,132,6
3559,132,7
3560,132,8
3561,132,9
3562,132,10
3563,132,11
3564,132,12
3565,132,13
3566,132,14
3567,132,15
3568,132,16
3569,132,17
3570,132,18
3571,132,19
3572,132,20
3573,132,21
3574,132,22
3575,132,23
3576,132,24
3577,133,1
3578,133,2
3579,133,3
3580,133,4
3581,133,5
3582,133,6
3583,133,7
3584,133,8
3585,133,9
3586,133,10
3587,133,11
3588,133,12
3589,133,13
3590,133,14
3591,133,15
3592,133,16
3593,133,17
3594,133,18
3595,133,19
3596,133,20
3597,133,21
3598,133,22
3599,133,23
3600,133,24
3601,134,1
3602,134,2
3603,134,3
3604,134,4
3605,134,5
3606,134,6
3607,134,7
3608,134,8
3609,134,9
3610,134,10
3611,134,11
3612,134,12
3613,134,13
3614,134,14
3615,134,15
3616,134,16
3617,134,17
3618,134,18
3619,134,19
3620,134,20
3621,134,21
3622,134,22
3623,134,23
3624,134,24
3625,135,1
3626,135,2
3627,135,3
3628,135,4
3629,135,5
3630,135,6
3631,135,7
3632,135,8
3633,135,9
3634,135,10
3635,135,11
3636,135,12
3637,135,13
3638,135,14
3639,135,15
3640,135,16
3641,135,17
3642,135,18
3643,135,19
3644,135,20
3645,135,21
3646,135,22
3647,135,23
3648,135,24
3649,136,1
3650,136,2
3651,136,3
3652,136,4
3653,136,5
3654,136,6
3655,136,7
3656,136,8
3657,136,9
3658,136,10
3659,136,11
3660,136,12
3661,136,13
3662,136,14
3663,136,15
3664,136,16
3665,136,17
3666,136,18
3667,136,19
3668,136,20
3669,136,21
3670,136,22
3671,136,23
3672,136,24
3673,137,1
3674,137,2
3675,137,3
3676,137,4
3677,137,5
3678,137,6
3679,137,7
3680,137,8
3681,137,9
3682,137,10
3683,137,11
3684,137,12
3685,137,13
3686,137,14
3687,137,15
3688,137,16
3689,137,17
3690,137,18
3691,137,19
3692,137,20
3693,137,21
3694,137,22
3695,137,23
3696,137,24
3697,138,1
3698,138,2
3699,138,3
3700,138,4
3701,138,5
3702,138,6
3703,138,7
3704,138,8
3705,138,9
3706,138,10
3707,138,11
3708,138,12
3709,138,13
3710,138,14
3711,138,15
3712,138,16
3713,138,17
3714,138,18
3715,138,19
3716,138,20
3717,138,21
3718,138,22
3719,138,23
3720,138,24
3721,139,1
3722,139,2
3723,139,3
3724,139,4
3725,139,5
3726,139,6
3727,139,7
3728,139,8
3729,139,9
3730,139,10
3731,139,11
3732,139,12
3733,139,13
3734,139,14
3735,139,15
3736,139,16
3737,139,17
3738,139,18
3739,139,19
3740,139,20
3741,139,21
3742,139,22
3743,139,23
3744,139,24
3745,140,1
3746,140,2
3747,140,3
3748,140,4
3749,140,5
3750,140,6
3751,140,7
3752,140,8
3753,140,9
3754,140,10
3755,140,11
3756,140,12
3757,140,13
3758,140,14
3759,140,15
3760,140,16
3761,140,17
3762,140,18
3763,140,19
3764,140,20
3765,140,21
3766,140,22
3767,140,23
3768,140,24
3769,141,1
3770,141,2
3771,141,3
3772,141,4
3773,141,5
3774,141,6
3775,141,7
3776,141,8
3777,141,9
3778,141,10
3779,141,11
3780,141,12
3781,141,13
3782,141,14
3783,141,15
3784,141,16
3785,141,17
3786,141,18
3787,141,19
3788,141,20
3789,141,21
3790,141,22
3791,142,1
3792,142,2
3793,142,3
3794,142,4
3795,142,5
3796,142,6
3797,142,7
3798,142,8
3799,142,9
3800,142,10
3801,142,11
3802,142,12
3803,142,13
3804,142,14
3805,142,15
3806,142,16
3807,142,17
3808,142,18
3809,142,19
3810,142,20
3811,142,21
3812,142,22
3813,143,1
3814,143,2
3815,143,3
3816,143,4
3817,143,5
3818,143,6
3819,143,7
3820,143,8
3821,143,9
3822,143,10
3823,143,11
3824,143,12
3825,143,13
3826,143,14
3827,143,15
3828,143,16
3829,143,17
3830,143,18
3831,143,19
3832,143,20
3833,143,21
3834,143,22
3835,144,1
3836,144,2
3837,144,3
3838,144,4
3839,144,5
3840,144,6
3841,144,7
3842,144,8
3843,144,9
3844,144,10
3845,144,11
3846,144,12
3847,144,13
3848,144,14
3849,144,15
3850,144,16
3851,144,17
3852,144,18
3853,144,19
3854,144,20
3855,144,21
3856,144,22
3857,145,1
3858,145,2
3859,145,3
3860,145,4
3861,145,5
3862,145,6
3863,145,7
3864,145,8
3865,145,9
3866,145,10
3867,145,11
3868,145,12
3869,145,13
3870,145,14
3871,145,15
3872,145,16
3873,145,17
3874,145,18
3875,145,19
3876,145,20
3877,145,21
3878,145,22
3879,146,1
3880,146,2
3881,146,3
3882,146,4
3883,146,5
3884,146,6
3885,146,7
3886,146,8
3887,146,9
3888,146,10
3889,146,11
3890,146,12
3891,146,13
3892,146,14
3893,146,15
3894,146,16
3895,146,17
3896,146,18
3897,146,19
3898,146,20
3899,146,21
3900,146,22
3901,147,1
3902,147,2
3903,147,3
3904,147,4
3905,147,5
3906,147,6
3907,147,7
3908,147,8
3909,147,9
3910,147,10
3911,147,11
3912,147,12
3913,147,13
3914,147,14
3915,147,15
3916,147,16
3917,147,17
3918,147,18
3919,147,19
3920,147,20
3921,147,21
3922,147,22
3923,148,1
3924,148,2
3925,148,3
3926,148,4
3927,148,5
3928,148,6
3929,148,7
3930,148,8
3931,148,9
3932,148,10
3933,148,11
3934,148,12
3935,148,13
3936,148,14
3937,148,15
3938,148,16
3939,148,17
3940,148,18
3941,148,19
3942,148,20
3943,148,21
3944,148,22
3945,149,1
3946,149,2
3947,149,3
3948,149,4
3949,149,5
3950,149,6
3951,149,7
3952,149,8
3953,149,9
3954,149,10
3955,149,11
3956,149,12
3957,149,13
3958,149,14
3959,149,15
3960,149,16
3961,149,17
3962,149,18
3963,149,19
3964,149,20
3965,149,21
3966,149,22
3967,150,1
3968,150,2
3969,150,3
3970,150,4
3971,150,5
3972,150,6
3973,150,7
3974,150,8
3975,150,9
3976,150,10
3977,150,11
3978,150,12
3979,150,13
3980,150,14
3981,150,15
3982,150,16
3983,150,17
3984,150,18
3985,150,19
3986,150,20
3987,150,21
3988,150,22
3989,151,1
3990,151,2
3991,151,3
3992,151,4
3993,151,5
3994,151,6
3995,151,7
3996,151,8
3997,151,9
3998,151,10
3999,151,11
4000,151,12
4001,151,13
4002,151,14
4003,151,15
4004,151,16
4005,151,17
4006,151,18
4007,151,19
4008,151,20
4009,152,1
4010,152,2
4011,152,3
4012,152,4
4013,152,5
4014,152,6
4015,152,7
4016,152,8
4017,152,9
4018,152,10
4019,152,11
4020,152,12
4021,152,13
4022,152,14
4023,152,15
4024,152,16
4025,152,17
4026,152,18
4027,152,19
4028,152,20
4029,153,1
4030,153,2
4031,153,3
4032,153,4
4033,153,5
4034,153,6
4035,153,7
4036,153,8
4037,153,9
4038,153,10
4039,153,11
4040,153,12
4041,153,13
4042,153,14
4043,153,15
4044,153,16
4045,153,17
4046,153,18
4047,153,19
4048,153,20
4049,154,1
4050,154,2
4051,154,3
4052,154,4
4053,154,5
4054,154,6
4055,154,7
4056,154,8
4057,154,9
4058,154,10
4059,154,11
4060,154,12
4061,154,13
4062,154,14
4063,154,15
4064,154,16
4065,154,17
4066,154,18
4067,154,19
4068,154,20
4069,155,1
4070,155,2
4071,155,3
4072,155,4
4073,155,5
4074,155,6
4075,155,7
4076,155,8
4077,155,9
4078,155,10
4079,155,11
4080,155,12
4081,155,13
4082,155,14
4083,155,15
4084,155,16
4085,155,17
4086,155,18
4087,155,19
4088,155,20
4089,156,1
4090,156,2
4091,156,3
4092,156,4
4093,156,5
4094,156,6
4095,156,7
4096,156,8
4097,156,9
4098,156,10
4099,156,11
4100,156,12
4101,156,13
4102,156,14
4103,156,15
4104,156,16
4105,156,17
4106,156,18
4107,156,19
4108,156,20
4109,157,1
4110,157,2
4111,157,3
4112,157,4
4113,157,5
4114,157,6
4115,157,7
4116,157,8
4117,157,9
4118,157,10
4119,157,11
4120,157,12
4121,157,13
4122,157,14
4123,157,15
4124,157,16
4125,157,17
4126,157,18
4127,157,19
4128,157,20
4129,158,1
4130,158,2
4131,158,3
4132,158,4
4133,158,5
4134,158,6
4135,158,7
4136,158,8
4137,158,9
4138,158,10
4139,158,11
4140,158,12
4141,158,13
4142,158,14
4143,158,15
4144,158,16
4145,158,17
4146,158,18
4147,158,19
4148,158,20
4149,159,1
4150,159,2
4151,159,3
4152,159,4
4153,159,5
4154,159,6
4155,159,7
4156,159,8
4157,159,9
4158,159,10
4159,159,11
4160,159,12
4161,159,13
4162,159,14
4163,159,15
4164,159,16
4165,159,17
4166,159,18
4167,159,19
4168,159,20
4169,159,21
4170,159,22
4171,159,23
4172,159,24
4173,160,1
4174,160,2
4175,160,3
4176,160,4
4177,160,5
4178,160,6
4179,160,7
4180,160,8
4181,160,9
4182,160,10
4183,160,11
4184,160,12
4185,160,13
4186,160,14
4187,160,15
4188,160,16
4189,160,17
4190,160,18
4191,160,19
4192,160,20
4193,160,21
4194,160,22
4195,160,23
4196,160,24
4197,161,1
4198,161,2
4199,161,3
4200,161,4
4201,161,5
4202,161,6
4203,161,7
4204,161,8
4205,161,9
4206,161,10
4207,161,11
4208,161,12
4209,161,13
4210,161,14
4211,161,15
4212,161,16
4213,161,17
4214,161,18
4215,161,19
4216,161,20
4217,161,21
4218,161,22
4219,161,23
4220,161,24
4221,162,1
4222,162,2
4223,162,3
4224,162,4
4225,162,5
4226,162,6
4227,162,7
4228,162,8
4229,162,9
4230,162,10
4231,162,11
4232,162,12
4233,162,13
4234,162,14
4235,162,15
4236,162,16
4237,162,17
4238,162,18
4239,162,19
4240,162,20
4241,162,21
4242,162,22
4243,162,23
4244,162,24
4245,163,1
4246,163,2
4247,163,3
4248,163,4
4249,163,5
4250,163,6
4251,163,7
4252,163,8
4253,163,9
4254,163,10
4255,163,11
4256,163,12
4257,163,13
4258,163,14
4259,163,15
4260,163,16
4261,163,17
4262,163,18
4263,163,19
4264,163,20
4265,163,21
4266,163,22
4267,163,23
4268,163,24
4269,164,1
4270,164,2
4271,164,3
4272,164,4
4273,164,5
4274,164,6
4275,164,7
4276,164,8
4277,164,9
4278,164,10
4279,164,11
4280,164,12
4281,164,13
4282,164,14
4283,164,15
4284,164,16
4285,164,17
4286,164,18
4287,164,19
4288,164,20
4289,164,21
4290,164,22
4291,164,23
4292,164,24
4293,165,1
4294,165,2
4295,165,3
4296,165,4
4297,165,5
4298,165,6
4299,165,7
4300,165,8
4301,165,9
4302,165,10
4303,165,11
4304,165,12
4305,165,13
4306,165,14
4307,165,15
4308,165,16
4309,165,17
4310,165,18
4311,165,19
4312,165,20
4313,165,21
4314,165,22
4315,165,23
4316,165,24
4317,166,1
4318,166,2
4319,166,3
4320,166,4
4321,166,5
4322,166,6
4323,166,7
4324,166,8
4325,166,9
4326,166,10
4327,166,11
4328,166,12
4329,166,13
4330,166,14
4331,166,15
4332,166,16
4333,166,17
4334,166,18
4335,166,19
4336,166,20
4337,166,21
4338,166,22
4339,166,23
4340,166,24
4341,167,1
4342,167,2
4343,167,3
4344,167,4
4345,167,5
4346,167,6
4347,167,7
4348,167,8
4349,167,9
4350,167,10
4351,167,11
4352,167,12
4353,167,13
4354,167,14
4355,167,15
4356,167,16
4357,167,17
4358,167,18
4359,167,19
4360,167,20
4361,167,21
4362,167,22
4363,167,23
4364,167,24
4365,168,1
4366,168,2
4367,168,3
4368,168,4
4369,168,5
4370,168,6
4371,168,7
4372,168,8
4373,168,9
4374,168,10
4375,168,11
4376,168,12
4377,168,13
4378,168,14
4379,168,15
4380,168,16
4381,168,17
4382,168,18
4383,168,19
4384,168,20
4385,168,21
4386,168,22
4387,168,23
4388,168,24
4389,169,1
4390,169,2
4391,169,3
4392,169,4
4393,169,5
4394,169,6
4395,169,7
4396,169,8
4397,169,9
4398,169,10
4399,169,11
4400,169,12
4401,169,13
4402,169,14
4403,169,15
4404,169,16
4405,169,17
4406,169,18
4407,169,19
4408,169,20
4409,169,21
4410,169,22
4411,169,23
4412,169,24
4413,170,1
4414,170,2
4415,170,3
4416,170,4
4417,170,5
4418,170,6
4419,170,7
4420,170,8
4421,170,9
4422,170,10
4423,170,11
4424,170,12
4425,170,13
4426,170,14
4427,170,15
4428,170,16
4429,170,17
4430,170,18
4431,170,19
4432,170,20
4433,170,21
4434,170,22
4435,170,23
4436,170,24
4437,171,1
4438,171,2
4439,171,3
4440,171,4
4441,171,5
4442,171,6
4443,171,7
4444,171,8
4445,171,9
4446,171,10
4447,171,11
4448,171,12
4449,171,13
4450,171,14
4451,171,15
4452,171,16
4453,171,17
4454,171,18
4455,171,19
4456,171,20
4457,171,21
4458,171,22
4459,171,23
4460,171,24
4461,172,1
4462,172,2
4463,172,3
4464,172,4
4465,172,5
4466,172,6
4467,172,7
4468,172,8
4469,172,9
4470,172,10
4471,172,11
4472,172,12
4473,172,13
4474,172,14
4475,172,15
4476,172,16
4477,172,17
4478,172,18
4479,172,19
4480,172,20
4481,172,21
4482,172,22
4483,172,23
4484,172,24
4485,173,1
4486,173,2
4487,173,3
4488,173,4
4489,173,5
4490,173,6
4491,173,7
4492,173,8
4493,173,9
4494,173,10
4495,173,11
4496,173,12
4497,173,13
4498,173,14
4499,173,15
4500,173,16
4501,173,17
4502,173,18
4503,173,19
4504,173,20
4505,173,21
4506,173,22
4507,174,1
4508,174,2
4509,174,3
4510,174,4
4511,174,5
4512,174,6
4513,174,7
4514,174,8
4515,174,9
4516,174,10
4517,174,11
4518,174,12
4519,174,13
4520,174,14
4521,174,15
4522,174,16
4523,174,17
4524,174,18
4525,174,19
4526,174,20
4527,174,21
4528,174,22
4529,175,1
4530,175,2
4531,175,3
4532,175,4
4533,175,5
4534,175,6
4535,175,7
4536,175,8
4537,175,9
4538,175,10
4539,175,11
4540,175,12
4541,175,13
4542,175,14
4543,175,15
4544,175,16
4545,175,17
4546,175,18
4547,175,19
4548,175,20
4549,175,21
4550,175,22
4551,176,1
4552,176,2
4553,176,3
4554,176,4
4555,176,5
4556,176,6
4557,176,7
4558,176,8
4559,176,9
4560,176,10
4561,176,11
4562,176,12
4563,176,13
4564,176,14
4565,176,15
4566,176,16
4567,176,17
4568,176,18
4569,176,19
4570,176,20
4571,176,21
4572,176,22
4573,177,1
4574,177,2
4575,177,3
4576,177,4
4577,177,5
4578,177,6
4579,177,7
4580,177,8
4581,177,9
4582,177,10
4583,177,11
4584,177,12
4585,177,13
4586,177,14
4587,177,15
4588,177,16
4589,177,17
4590,177,18
4591,177,19
4592,177,20
4593,177,21
4594,177,22
4595,178,1
4596,178,2
4597,178,3
4598,178,4
4599,178,5
4600,178,6
4601,178,7
4602,178,8
4603,178,9
4604,178,10
4605,178,11
4606,178,12
4607,178,13
4608,178,14
4609,178,15
4610,178,16
4611,178,17
4612,178,18
4613,178,19
4614,178,20
4615,178,21
4616,178,22
4617,179,1
4618,179,2
4619,179,3
4620,179,4
4621,179,5
4622,179,6
4623,179,7
4624,179,8
4625,179,9
4626,179,10
4627,179,11
4628,179,12
4629,179,13
4630,179,14
4631,179,15
4632,179,16
4633,179,17
4634,179,18
4635,179,19
4636,179,20
4637,179,21
4638,179,22
4639,180,1
4640,180,2
4641,180,3
4642,180,4
4643,180,5
4644,180,6
4645,180,7
4646,180,8
4647,180,9
4648,180,10
4649,180,11
4650,180,12
4651,180,13
4652,180,14
4653,180,15
4654,180,16
4655,180,17
4656,180,18
4657,180,19
4658,180,20
4659,180,21
4660,180,22
4661,181,1
4662,181,2
4663,181,3
4664,181,4
4665,181,5
4666,181,6
4667,181,7
4668,181,8
4669,181,9
4670,181,10
4671,181,11
4672,181,12
4673,181,13
4674,181,14
4675,181,15
4676,181,16
4677,181,17
4678,181,18
4679,181,19
4680,181,20
4681,181,21
4682,181,22
4683,182,1
4684,182,2
4685,182,3
4686,182,4
4687,182,5
4688,182,6
4689,182,7
4690,182,8
4691,182,9
4692,182,10
4693,182,11
4694,182,12
4695,182,13
4696,182,14
4697,182,15
4698,182,16
4699,182,17
4700,182,18
4701,182,19
4702,182,20
4703,182,21
4704,182,22
4705,183,1
4706,183,2
4707,183,3
4708,183,4
4709,183,5
4710,183,6
4711,183,7
4712,183,8
4713,183,9
4714,183,10
4715,183,11
4716,183,12
4717,183,13
4718,183,14
4719,183,15
4720,183,16
4721,183,17
4722,183,18
4723,183,19
4724,183,20
4725,184,1
4726,184,2
4727,184,3
4728,184,4
4729,184,5
4730,184,6
4731,184,7
4732,184,8
4733,184,9
4734,184,10
4735,184,11
4736,184,12
4737,184,13
4738,184,14
4739,184,15
4740,184,16
4741,184,17
4742,184,18
4743,184,19
4744,184,20
4745,185,1
4746,185,2
4747,185,3
4748,185,4
4749,185,5
4750,185,6
4751,185,7
4752,185,8
4753,185,9
4754,185,10
4755,185,11
4756,185,12
4757,185,13
4758,185,14
4759,185,15
4760,185,16
4761,185,17
4762,185,18
4763,185,19
4764,185,20
4765,186,1
4766,186,2
4767,186,3
4768,186,4
4769,186,5
4770,186,6
4771,186,7
4772,186,8
4773,186,9
4774,186,10
4775,186,11
4776,186,12
4777,186,13
4778,186,14
4779,186,15
4780,186,16
4781,186,17
4782,186,18
4783,186,19
4784,186,20
4785,187,1
4786,187,2
4787,187,3
4788,187,4
4789,187,5
4790,187,6
4791,187,7
4792,187,8
4793,187,9
4794,187,10
4795,187,11
4796,187,12
4797,187,13
4798,187,14
4799,187,15
4800,187,16
4801,187,17
4802,187,18
4803,187,19
4804,187,20
4805,188,1
4806,188,2
4807,188,3
4808,188,4
4809,188,5
4810,188,6
4811,188,7
4812,188,8
4813,188,9
4814,188,10
4815,188,11
4816,188,12
4817,188,13
4818,188,14
4819,188,15
4820,188,16
4821,188,17
4822,188,18
4823,188,19
4824,188,20
4825,189,1
4826,189,2
4827,189,3
4828,189,4
4829,189,5
4830,189,6
4831,189,7
4832,189,8
4833,189,9
4834,189,10
4835,189,11
4836,189,12
4837,189,13
4838,189,14
4839,189,15
4840,189,16
4841,189,17
4842,189,18
4843,189,19
4844,189,20
4845,190,1
4846,190,2
4847,190,3
4848,190,4
4849,190,5
4850,190,6
4851,190,7
4852,190,8
4853,190,9
4854,190,10
4855,190,11
4856,190,12
4857,190,13
4858,190,14
4859,190,15
4860,190,16
4861,190,17
4862,190,18
4863,190,19
4864,190,20
4865,191,1
4866,191,2
4867,191,3
4868,191,4
4869,191,5
4870,191,6
4871,191,7
4872,191,8
4873,191,9
4874,191,10
4875,191,11
4876,191,12
4877,191,13
4878,191,14
4879,191,15
4880,191,16
4881,191,17
4882,191,18
4883,191,19
4884,191,20
4885,192,1
4886,192,2
4887,192,3
4888,192,4
4889,192,5
4890,192,6
4891,192,7
4892,192,8
4893,192,9
4894,192,10
4895,192,11
4896,192,12
4897,192,13
4898,192,14
4899,192,15
4900,192,16
4901,192,17
4902,192,18
4903,192,19
4904,192,20
4905,193,1
4906,193,2
4907,193,3
4908,193,4
4909,193,5
4910,193,6
4911,193,7
4912,193,8
4913,193,9
4914,193,10
4915,193,11
4916,193,12
4917,193,13
4918,193,14
4919,193,15
4920,193,16
4921,193,17
4922,193,18
4923,193,19
4924,193,20
4925,194,1
4926,194,2
4927,194,3
4928,194,4
4929,194,5
4930,194,6
4931,194,7
4932,194,8
4933,194,9
4934,194,10
4935,194,11
4936,194,12
4937,194,13
4938,194,14
4939,194,15
4940,194,16
4941,194,17
4942,194,18
4943,194,19
4944,194,20
4945,195,1
4946,195,2
4947,195,3
4948,195,4
4949,195,5
4950,195,6
4951,195,7
4952,195,8
4953,195,9
4954,195,10
4955,195,11
4956,195,12
4957,195,13
4958,195,14
4959,195,15
4960,195,16
4961,195,17
4962,195,18
4963,195,19
4964,195,20
4965,196,1
4966,196,2
4967,196,3
4968,196,4
4969,196,5
4970,196,6
4971,196,7
4972,196,8
4973,196,9
4974,196,10
4975,196,11
4976,196,12
4977,196,13
4978,196,14
4979,196,15
4980,196,16
4981,196,17
4982,196,18
4983,196,19
4984,196,20
4985,197,1
4986,197,2
4987,197,3
4988,197,4
4989,197,5
4990,197,6
4991,197,7
4992,197,8
4993,197,9
4994,197,10
4995,197,11
4996,197,12
4997,197,13
4998,197,14
4999,197,15
5000,197,16
5001,197,17
5002,197,18
5003,197,19
5004,197,20
5005,198,1
5006,198,2
5007,198,3
5008,198,4
5009,198,5
5010,198,6
5011,198,7
5012,198,8
5013,198,9
5014,198,10
5015,198,11
5016,198,12
5017,198,13
5018,198,14
5019,198,15
5020,198,16
5021,198,17
5022,198,18
5023,198,19
5024,198,20
5025,199,1
5026,199,2
5027,199,3
5028,199,4
5029,199,5
5030,199,6
5031,199,7
5032,199,8
5033,199,9
5034,199,10
5035,199,11
5036,199,12
5037,199,13
5038,199,14
5039,199,15
5040,199,16
5041,199,17
5042,199,18
5043,199,19
5044,199,20
5045,200,1
5046,200,2
5047,200,3
5048,200,4
5049,200,5
5050,200,6
5051,200,7
5052,200,8
5053,200,9
5054,200,10
5055,200,11
5056,200,12
5057,200,13
5058,200,14
5059,200,15
5060,200,16
5061,200,17
5062,200,18
5063,200,19
5064,200,20
5065,201,1
5066,201,2
5067,201,3
5068,201,4
5069,201,5
5070,201,6
5071,201,7
5072,201,8
5073,201,9
5074,201,10
5075,201,11
5076,201,12
5077,201,13
5078,201,14
5079,201,15
5080,201,16
5081,201,17
5082,201,18
5083,201,19
5084,201,20
5085,201,21
5086,201,22
5087,202,1
5088,202,2
5089,202,3
5090,202,4
5091,202,5
5092,202,6
5093,202,7
5094,202,8
5095,202,9
5096,202,10
5097,202,11
5098,202,12
5099,202,13
5100,202,14
5101,202,15
5102,202,16
5103,202,17
5104,202,18
5105,202,19
5106,202,20
5107,202,21
5108,202,22
5109,203,1
5110,203,2
5111,203,3
5112,203,4
5113,203,5
5114,203,6
5115,203,7
5116,203,8
5117,203,9
5118,203,10
5119,203,11
5120,203,12
5121,203,13
5122,203,14
5123,203,15
5124,203,16
5125,203,17
5126,203,18
5127,203,19
5128,203,20
5129,203,21
5130,203,22
5131,204,1
5132,204,2
5133,204,3
5134,204,4
5135,204,5
5136,204,6
5137,204,7
5138,204,8
5139,204,9
5140,204,10
5141,204,11
5142,204,12
5143,204,13
5144,204,14
5145,204,15
5146,204,16
5147,204,17
5148,204,18
5149,204,19
5150,204,20
5151,204,21
5152,204,22
5153,205,1
5154,205,2
5155,205,3
5156,205,4
5157,205,5
5158,205,6
5159,205,7
5160,205,8
5161,205,9
5162,205,10
5163,205,11
5164,205,12
5165,205,13
5166,205,14
5167,205,15
5168,205,16
5169,205,17
5170,205,18
5171,205,19
5172,205,20
5173,205,21
5174,205,22
5175,206,1
5176,206,2
5177,206,3
5178,206,4
5179,206,5
5180,206,6
5181,206,7
5182,206,8
5183,206,9
5184,206,10
5185,206,11
5186,206,12
5187,206,13
5188,206,14
5189,206,15
5190,206,16
5191,206,17
5192,206,18
5193,206,19
5194,206,20
5195,206,21
5196,206,22
5197,207,1
5198,207,2
5199,207,3
5200,207,4
5201,207,5
5202,207,6
5203,207,7
5204,207,8
5205,207,9
5206,207,10
5207,207,11
5208,207,12
5209,207,13
5210,207,14
5211,207,15
5212,207,16
5213,207,17
5214,207,18
5215,207,19
5216,207,20
5217,207,21
5218,207,22
5219,208,1
5220,208,2
5221,208,3
5222,208,4
5223,208,5
5224,208,6
5225,208,7
5226,208,8
5227,208,9
5228,208,10
5229,208,11
5230,208,12
5231,208,13
5232,208,14
5233,208,15
5234,208,16
5235,208,17
5236,208,18
5237,208,19
5238,208,20
5239,208,21
5240,208,22
5241,209,1
5242,209,2
5243,209,3
5244,209,4
5245,209,5
5246,209,6
5247,209,7
5248,209,8
5249,209,9
5250,209,10
5251,209,11
5252,209,12
5253,209,13
5254,209,14
5255,209,15
5256,209,16
5257,209,17
5258,209,18
5259,209,19
5260,209,20
5261,209,21
5262,209,22
5263,210,1
5264,210,2
5265,210,3
5266,210,4
5267,210,5
5268,210,6
5269,210,7
5270,210,8
5271,210,9
5272,210,10
5273,210,11
5274,210,12
5275,210,13
5276,210,14
5277,210,15
5278,210,16
5279,210,17
5280,210,18
5281,210,19
5282,210,20
5283,210,21
5284,210,22
5285,211,1
5286,211,2
5287,211,3
5288,211,4
5289,211,5
5290,211,6
5291,211,7
5292,211,8
5293,211,9
5294,211,10
5295,211,11
5296,211,12
5297,211,13
5298,211,14
5299,211,15
5300,211,16
5301,211,17
5302,211,18
5303,211,19
5304,211,20
5305,211,21
5306,211,22
5307,212,1
5308,212,2
5309,212,3
5310,212,4
5311,212,5
5312,212,6
5313,212,7
5314,212,8
5315,212,9
5316,212,10
5317,212,11
5318,212,12
5319,212,13
5320,212,14
5321,212,15
5322,212,16
5323,212,17
5324,212,18
5325,212,19
5326,212,20
5327,212,21
5328,212,22
5329,213,1
5330,213,2
5331,213,3
5332,213,4
5333,213,5
5334,213,6
5335,213,7
5336,213,8
5337,213,9
5338,213,10
5339,213,11
5340,213,12
5341,213,13
5342,213,14
5343,213,15
5344,213,16
5345,213,17
5346,213,18
5347,213,19
5348,213,20
5349,213,21
5350,213,22
5351,214,1
5352,214,2
5353,214,3
5354,214,4
5355,214,5
5356,214,6
5357,214,7
5358,214,8
5359,214,9
5360,214,10
5361,214,11
5362,214,12
5363,214,13
5364,214,14
5365,214,15
5366,214,16
5367,214,17
5368,214,18
5369,214,19
5370,214,20
5371,214,21
5372,214,22
5373,215,1
5374,215,2
5375,215,3
5376,215,4
5377,215,5
5378,215,6
5379,215,7
5380,215,8
5381,215,9
5382,215,10
5383,215,11
5384,215,12
5385,215,13
5386,215,14
5387,215,15
5388,215,16
5389,215,17
5390,215,18
5391,215,19
5392,215,20
5393,215,21
5394,215,22
5395,216,1
5396,216,2
5397,216,3
5398,216,4
5399,216,5
5400,216,6
5401,216,7
5402,216,8
5403,216,9
5404,216,10
5405,216,11
5406,216,12
5407,216,13
5408,216,14
5409,216,15
5410,216,16
5411,216,17
5412,216,18
5413,216,19
5414,216,20
5415,216,21
5416,216,22
5417,217,1
5418,217,2
5419,217,3
5420,217,4
5421,217,5
5422,217,6
5423,217,7
5424,217,8
5425,217,9
5426,217,10
5427,217,11
5428,217,12
5429,217,13
5430,217,14
5431,217,15
5432,217,16
5433,217,17
5434,217,18
5435,217,19
5436,217,20
5437,217,21
5438,217,22
5439,218,1
5440,218,2
5441,218,3
5442,218,4
5443,218,5
5444,218,6
5445,218,7
5446,218,8
5447,218,9
5448,218,10
5449,218,11
5450,218,12
5451,218,13
5452,218,14
5453,218,15
5454,218,16
5455,218,17
5456,218,18
5457,218,19
5458,218,20
5459,218,21
5460,218,22
5461,219,1
5462,219,2
5463,219,3
5464,219,4
5465,219,5
5466,219,6
5467,219,7
5468,219,8
5469,219,9
5470,219,10
5471,219,11
5472,219,12
5473,219,13
5474,219,14
5475,219,15
5476,219,16
5477,219,17
5478,219,18
5479,219,19
5480,219,20
5481,219,21
5482,219,22
5483,219,23
5484,219,24
5485,220,1
5486,220,2
5487,220,3
5488,220,4
5489,220,5
5490,220,6
5491,220,7
5492,220,8
5493,220,9
5494,220,10
5495,220,11
5496,220,12
5497,220,13
5498,220,14
5499,220,15
5500,220,16
5501,220,17
5502,220,18
5503,220,19
5504,220,20
5505,220,21
5506,220,22
5507,220,23
5508,220,24
5509,221,1
5510,221,2
5511,221,3
5512,221,4
5513,221,5
5514,221,6
5515,221,7
5516,221,8
5517,221,9
5518,221,10
5519,221,11
5520,221,12
5521,221,13
5522,221,14
5523,221,15
5524,221,16
5525,221,17
5526,221,18
5527,221,19
5528,221,20
5529,221,21
5530,221,22
5531,221,23
5532,221,24
5533,222,1
5534,222,2
5535,222,3
5536,222,4
5537,222,5
5538,222,6
5539,222,7
5540,222,8
5541,222,9
5542,222,10
5543,222,11
5544,222,12
5545,222,13
5546,222,14
5547,222,15
5548,222,16
5549,222,17
5550,222,18
5551,222,19
5552,222,20
5553,222,21
5554,222,22
5555,222,23
5556,222,24
5557,223,1
5558,223,2
5559,223,3
5560,223,4
5561,223,5
5562,223,6
5563,223,7
5564,223,8
5565,223,9
5566,223,10
5567,223,11
5568,223,12
5569,223,13
5570,223,14
5571,223,15
5572,223,16
5573,223,17
5574,223,18
5575,223,19
5576,223,20
5577,223,21
5578,223,22
5579,223,23
5580,223,24
5581,224,1
5582,224,2
5583,224,3
5584,224,4
5585,224,5
5586,224,6
5587,224,7
5588,224,8
5589,224,9
5590,224,10
5591,224,11
5592,224,12
5593,224,13
5594,224,14
5595,224,15
5596,224,16
5597,224,17
5598,224,18
5599,224,19
5600,224,20
5601,224,21
5602,224,22
5603,224,23
5604,224,24
5605,225,1
5606,225,2
5607,225,3
5608,225,4
5609,225,5
5610,225,6
5611,225,7
5612,225,8
5613,225,9
5614,225,10
5615,225,11
5616,225,12
5617,225,13
5618,225,14
5619,225,15
5620,225,16
5621,225,17
5622,225,18
5623,225,19
5624,225,20
5625,225,21
5626,225,22
5627,225,23
5628,225,24
5629,226,1
5630,226,2
5631,226,3
5632,226,4
5633,226,5
5634,226,6
5635,226,7
5636,226,8
5637,226,9
5638,226,10
5639,226,11
5640,226,12
5641,226,13
5642,226,14
5643,226,15
5644,226,16
5645,226,17
5646,226,18
5647,226,19
5648,226,20
5649,226,21
5650,226,22
5651,226,23
5652,226,24
5653,227,1
5654,227,2
5655,227,3
5656,227,4
5657,227,5
5658,227,6
5659,227,7
5660,227,8
5661,227,9
5662,227,10
5663,227,11
5664,227,12
5665,227,13
5666,227,14
5667,227,15
5668,227,16
5669,227,17
5670,227,18
5671,227,19
5672,227,20
5673,227,21
5674,227,22
5675,227,23
5676,227,24
5677,228,1
5678,228,2
5679,228,3
5680,228,4
5681,228,5
5682,228,6
5683,228,7
5684,228,8
5685,228,9
5686,228,10
5687,228,11
5688,228,12
5689,228,13
5690,228,14
5691,228,15
5692,228,16
5693,228,17
5694,228,18
5695,228,19
5696,228,20
5697,228,21
5698,228,22
5699,228,23
5700,228,24
5701,229,1
5702,229,2
5703,229,3
5704,229,4
5705,229,5
5706,229,6
5707,229,7
5708,229,8
5709,229,9
5710,229,10
5711,229,11
5712,229,12
5713,229,13
5714,229,14
5715,229,15
5716,229,16
5717,229,17
5718,229,18
5719,229,19
5720,229,20
5721,229,21
5722,229,22
5723,229,23
5724,229,24
5725,230,1
5726,230,2
5727,230,3
5728,230,4
5729,230,5
5730,230,6
5731,230,7
5732,230,8
5733,230,9
5734,230,10
5735,230,11
5736,230,12
5737,230,13
5738,230,14
5739,230,15
5740,230,16
5741,230,17
5742,230,18
5743,230,19
5744,230,20
5745,230,21
5746,230,22
5747,230,23
5748,230,24
5749,231,1
5750,231,2
5751,231,3
5752,231,4
5753,231,5
5754,231,6
5755,231,7
5756,231,8
5757,231,9
5758,231,10
5759,231,11
5760,231,12
5761,231,13
5762,231,14
5763,231,15
5764,231,16
5765,231,17
5766,231,18
5767,231,19
5768,231,20
5769,231,21
5770,231,22
5771,231,23
5772,231,24
5773,232,1
5774,232,2
5775,232,3
5776,232,4
5777,232,5
5778,232,6
5779,232,7
5780,232,8
5781,232,9
5782,232,10
5783,232,11
5784,232,12
5785,232,13
5786,232,14
5787,232,15
5788,232,16
5789,232,17
5790,232,18
5791,232,19
5792,232,20
5793,232,21
5794,232,22
5795,232,23
5796,232,24
5797,233,1
5798,233,2
5799,233,3
5800,233,4
5801,233,5
5802,233,6
5803,233,7
5804,233,8
5805,233,9
5806,233,10
5807,233,11
5808,233,12
5809,233,13
5810,233,14
5811,233,15
5812,233,16
5813,233,17
5814,233,18
5815,233,19
5816,233,20
5817,233,21
5818,233,22
5819,233,23
5820,233,24
5821,234,1
5822,234,2
5823,234,3
5824,234,4
5825,234,5
5826,234,6
5827,234,7
5828,234,8
5829,234,9
5830,234,10
5831,234,11
5832,234,12
5833,234,13
5834,234,14
5835,234,15
5836,234,16
5837,234,17
5838,234,18
5839,234,19
5840,234,20
5841,234,21
5842,234,22
5843,234,23
5844,234,24
5845,235,1
5846,235,2
5847,235,3
5848,235,4
5849,235,5
5850,235,6
5851,235,7
5852,235,8
5853,235,9
5854,235,10
5855,235,11
5856,235,12
5857,235,13
5858,235,14
5859,235,15
5860,235,16
5861,235,17
5862,235,18
5863,235,19
5864,235,20
5865,235,21
5866,235,22
5867,235,23
5868,235,24
5869,236,1
5870,236,2
5871,236,3
5872,236,4
5873,236,5
5874,236,6
5875,236,7
5876,236,8
5877,236,9
5878,236,10
5879,236,11
5880,236,12
5881,236,13
5882,236,14
5883,236,15
5884,236,16
5885,236,17
5886,236,18
5887,236,19
5888,236,20
5889,236,21
5890,236,22
5891,236,23
5892,236,24
5893,237,1
5894,237,2
5895,237,3
5896,237,4
5897,237,5
5898,237,6
5899,237,7
5900,237,8
5901,237,9
5902,237,10
5903,237,11
5904,237,12
5905,237,13
5906,237,14
5907,237,15
5908,237,16
5909,237,17
5910,237,18
5911,237,19
5912,237,20
5913,237,21
5914,237,22
5915,237,23
5916,237,24
5917,238,1
5918,238,2
5919,238,3
5920,238,4
5921,238,5
5922,238,6
5923,238,7
5924,238,8
5925,238,9
5926,238,10
5927,238,11
5928,238,12
5929,238,13
5930,238,14
5931,238,15
5932,238,16
5933,238,17
5934,238,18
5935,238,19
5936,238,20
5937,238,21
5938,238,22
5939,238,23
5940,238,24
5941,239,1
5942,239,2
5943,239,3
5944,239,4
5945,239,5
5946,239,6
5947,239,7
5948,239,8
5949,239,9
5950,239,10
5951,239,11
5952,239,12
5953,239,13
5954,239,14
5955,239,15
5956,239,16
5957,239,17
5958,239,18
5959,239,19
5960,239,20
5961,239,21
5962,239,22
5963,239,23
5964,239,24
5965,240,1
5966,240,2
5967,240,3
5968,240,4
5969,240,5
5970,240,6
5971,240,7
5972,240,8
5973,240,9
5974,240,10
5975,240,11
5976,240,12
5977,240,13
5978,240,14
5979,240,15
5980,240,16
5981,240,17
5982,240,18
5983,240,19
5984,240,20
5985,240,21
5986,240,22
5987,240,23
5988,240,24
5989,241,1
5990,241,2
5991,241,3
5992,241,4
5993,241,5
5994,241,6
5995,241,7
5996,241,8
5997,241,9
5998,241,10
5999,241,11
6000,241,12
6001,241,13
6002,241,14
6003,241,15
6004,241,16
6005,241,17
6006,241,18
6007,241,19
6008,241,20
6009,241,21
6010,241,22
6011,241,23
6012,241,24
6013,242,1
6014,242,2
6015,242,3
6016,242,4
6017,242,5
6018,242,6
6019,242,7
6020,242,8
6021,242,9
6022,242,10
6023,242,11
6024,242,12
6025,242,13
6026,242,14
6027,242,15
6028,242,16
6029,242,17
6030,242,18
6031,242,19
6032,242,20
6033,242,21
6034,242,22
6035,242,23
6036,242,24
6037,243,1
6038,243,2
6039,243,3
6040,243,4
6041,243,5
6042,243,6
6043,243,7
6044,243,8
6045,243,9
6046,243,10
6047,243,11
6048,243,12
6049,243,13
6050,243,14
6051,243,15
6052,243,16
6053,243,17
6054,243,18
6055,243,19
6056,243,20
6057,244,1
6058,244,2
6059,244,3
6060,244,4
6061,244,5
6062,244,6
6063,244,7
6064,244,8
6065,244,9
6066,244,10
6067,244,11
6068,244,12
6069,244,13
6070,244,14
6071,244,15
6072,244,16
6073,244,17
6074,244,18
6075,244,19
6076,244,20
6077,245,1
6078,245,2
6079,245,3
6080,245,4
6081,245,5
6082,245,6
6083,245,7
6084,245,8
6085,245,9
6086,245,10
6087,245,11
6088,245,12
6089,245,13
6090,245,14
6091,245,15
6092,245,16
6093,245,17
6094,245,18
6095,245,19
6096,245,20
6097,246,1
6098,246,2
6099,246,3
6100,246,4
6101,246,5
6102,246,6
6103,246,7
6104,246,8
6105,246,9
6106,246,10
6107,246,11
6108,246,12
6109,246,13
6110,246,14
6111,246,15
6112,246,16
6113,246,17
6114,246,18
6115,246,19
6116,246,20
6117,247,1
6118,247,2
6119,247,3
6120,247,4
6121,247,5
6122,247,6
6123,247,7
6124,247,8
6125,247,9
6126,247,10
6127,247,11
6128,247,12
6129,247,13
6130,247,14
6131,247,15
6132,247,16
6133,247,17
6134,247,18
6135,247,19
6136,247,20
6137,248,1
6138,248,2
6139,248,3
6140,248,4
6141,248,5
6142,248,6
6143,248,7
6144,248,8
6145,248,9
6146,248,10
6147,248,11
6148,248,12
6149,248,13
6150,248,14
6151,248,15
6152,248,16
6153,248,17
6154,248,18
6155,248,19
6156,248,20
6157,249,1
6158,249,2
6159,249,3
6160,249,4
6161,249,5
6162,249,6
6163,249,7
6164,249,8
6165,249,9
6166,249,10
6167,249,11
6168,249,12
6169,249,13
6170,249,14
6171,249,15
6172,249,16
6173,249,17
6174,249,18
6175,249,19
6176,249,20
6177,250,1
6178,250,2
6179,250,3
6180,250,4
6181,250,5
6182,250,6
6183,250,7
6184,250,8
6185,250,9
6186,250,10
6187,250,11
6188,250,12
6189,250,13
6190,250,14
6191,250,15
6192,250,16
6193,250,17
6194,250,18
6195,250,19
6196,250,20
6197,251,1
6198,251,2
6199,251,3
6200,251,4
6201,251,5
6202,251,6
6203,251,7
6204,251,8
6205,251,9
6206,251,10
6207,251,11
6208,251,12
6209,251,13
6210,251,14
6211,251,15
6212,251,16
6213,251,17
6214,251,18
6215,251,19
6216,251,20
6217,252,1
6218,252,2
6219,252,3
6220,252,4
6221,252,5
6222,252,6
6223,252,7
6224,252,8
6225,252,9
6226,252,10
6227,252,11
6228,252,12
6229,252,13
6230,252,14
6231,252,15
6232,252,16
6233,252,17
6234,252,18
6235,252,19
6236,252,20
6237,253,1
6238,253,2
6239,253,3
6240,253,4
6241,253,5
6242,253,6
6243,253,7
6244,253,8
6245,253,9
6246,253,10
6247,253,11
6248,253,12
6249,253,13
6250,253,14
6251,253,15
6252,253,16
6253,253,17
6254,253,18
6255,253,19
6256,253,20
6257,253,21
6258,253,22
6259,254,1
6260,254,2
6261,254,3
6262,254,4
6263,254,5
6264,254,6
6265,254,7
6266,254,8
6267,254,9
6268,254,10
6269,254,11
6270,254,12
6271,254,13
6272,254,14
6273,254,15
6274,254,16
6275,254,17
6276,254,18
6277,254,19
6278,254,20
6279,254,21
6280,254,22
6281,255,1
6282,255,2
6283,255,3
6284,255,4
6285,255,5
6286,255,6
6287,255,7
6288,255,8
6289,255,9
6290,255,10
6291,255,11
6292,255,12
6293,255,13
6294,255,14
6295,255,15
6296,255,16
6297,255,17
6298,255,18
6299,255,19
6300,255,20
6301,255,21
6302,255,22
6303,256,1
6304,256,2
6305,256,3
6306,256,4
6307,256,5
6308,256,6
6309,256,7
6310,256,8
6311,256,9
6312,256,10
6313,256,11
6314,256,12
6315,256,13
6316,256,14
6317,256,15
6318,256,16
6319,256,17
6320,256,18
6321,256,19
6322,256,20
6323,256,21
6324,256,22
6325,257,1
6326,257,2
6327,257,3
6328,257,4
6329,257,5
6330,257,6
6331,257,7
6332,257,8
6333,257,9
6334,257,10
6335,257,11
6336,257,12
6337,257,13
6338,257,14
6339,257,15
6340,257,16
6341,257,17
6342,257,18
6343,257,19
6344,257,20
6345,257,21
6346,257,22
6347,258,1
6348,258,2
6349,258,3
6350,258,4
6351,258,5
6352,258,6
6353,258,7
6354,258,8
6355,258,9
6356,258,10
6357,258,11
6358,258,12
6359,258,13
6360,258,14
6361,258,15
6362,258,16
6363,258,17
6364,258,18
6365,258,19
6366,258,20
6367,258,21
6368,258,22
6369,259,1
6370,259,2
6371,259,3
6372,259,4
6373,259,5
6374,259,6
6375,259,7
6376,259,8
6377,259,9
6378,259,10
6379,259,11
6380,259,12
6381,259,13
6382,259,14
6383,259,15
6384,259,16
6385,259,17
6386,259,18
6387,259,19
6388,259,20
6389,259,21
6390,259,22
6391,260,1
6392,260,2
6393,260,3
6394,260,4
6395,260,5
6396,260,6
6397,260,7
6398,260,8
6399,260,9
6400,260,10
6401,260,11
6402,260,12
6403,260,13
6404,260,14
6405,260,15
6406,260,16
6407,260,17
6408,260,18
6409,260,19
6410,260,20
6411,260,21
6412,260,22
6413,261,1
6414,261,2
6415,261,3
6416,261,4
6417,261,5
6418,261,6
6419,261,7
6420,261,8
6421,261,9
6422,261,10
6423,261,11
6424,261,12
6425,261,13
6426,261,14
6427,261,15
6428,261,16
6429,261,17
6430,261,18
6431,261,19
6432,261,20
6433,261,21
6434,261,22
6435,262,1
6436,262,2
6437,262,3
6438,262,4
6439,262,5
6440,262,6
6441,262,7
6442,262,8
6443,262,9
6444,262,10
6445,262,11
6446,262,12
6447,262,13
6448,262,14
6449,262,15
6450,262,16
6451,262,17
6452,262,18
6453,262,19
6454,262,20
6455,262,21
6456,262,22
6457,263,1
6458,263,2
6459,263,3
6460,263,4
6461,263,5
6462,263,6
6463,263,7
6464,263,8
6465,263,9
6466,263,10
6467,263,11
6468,263,12
6469,263,13
6470,263,14
6471,263,15
6472,263,16
6473,263,17
6474,263,18
6475,263,19
6476,263,20
6477,263,21
6478,263,22
6479,264,1
6480,264,2
6481,264,3
6482,264,4
6483,264,5
6484,264,6
6485,264,7
6486,264,8
6487,264,9
6488,264,10
6489,264,11
6490,264,12
6491,264,13
6492,264,14
6493,264,15
6494,264,16
6495,264,17
6496,264,18
6497,264,19
6498,264,20
6499,264,21
6500,264,22
6501,265,1
6502,265,2
6503,265,3
6504,265,4
6505,265,5
6506,265,6
6507,265,7
6508,265,8
6509,265,9
6510,265,10
6511,265,11
6512,265,12
6513,265,13
6514,265,14
6515,265,15
6516,265,16
6517,265,17
6518,265,18
6519,265,19
6520,265,20
6521,265,21
6522,265,22
6523,266,1
6524,266,2
6525,266,3
6526,266,4
6527,266,5
6528,266,6
6529,266,7
6530,266,8
6531,266,9
6532,266,10
6533,266,11
6534,266,12
6535,266,13
6536,266,14
6537,266,15
6538,266,16
6539,266,17
6540,266,18
6541,266,19
6542,266,20
6543,266,21
6544,266,22
6545,267,1
6546,267,2
6547,267,3
6548,267,4
6549,267,5
6550,267,6
6551,267,7
6552,267,8
6553,267,9
6554,267,10
6555,267,11
6556,267,12
6557,267,13
6558,267,14
6559,267,15
6560,267,16
6561,267,17
6562,267,18
6563,267,19
6564,267,20
6565,267,21
6566,267,22
6567,268,1
6568,268,2
6569,268,3
6570,268,4
6571,268,5
6572,268,6
6573,268,7
6574,268,8
6575,268,9
6576,268,10
6577,268,11
6578,268,12
6579,268,13
6580,268,14
6581,268,15
6582,268,16
6583,268,17
6584,268,18
6585,268,19
6586,268,20
6587,268,21
6588,268,22
6589,269,1
6590,269,2
6591,269,3
6592,269,4
6593,269,5
6594,269,6
6595,269,7
6596,269,8
6597,269,9
6598,269,10
6599,269,11
6600,269,12
6601,269,13
6602,269,14
6603,269,15
6604,269,16
6605,269,17
6606,269,18
6607,269,19
6608,269,20
6609,269,21
6610,269,22
6611,270,1
6612,270,2
6613,270,3
6614,270,4
6615,270,5
6616,270,6
6617,270,7
6618,270,8
6619,270,9
6620,270,10
6621,270,11
6622,270,12
6623,270,13
6624,270,14
6625,270,15
6626,270,16
6627,270,17
6628,270,18
6629,270,19
6630,270,20
6631,270,21
6632,270,22
6633,271,1
6634,271,2
6635,271,3
6636,271,4
6637,271,5
6638,271,6
6639,271,7
6640,271,8
6641,271,9
6642,271,10
6643,271,11
6644,271,12
6645,271,13
6646,271,14
6647,271,15
6648,271,16
6649,271,17
6650,271,18
6651,271,19
6652,271,20
6653,271,21
6654,271,22
6655,271,23
6656,271,24
6657,272,1
6658,272,2
6659,272,3
6660,272,4
6661,272,5
6662,272,6
6663,272,7
6664,272,8
6665,272,9
6666,272,10
6667,272,11
6668,272,12
6669,272,13
6670,272,14
6671,272,15
6672,272,16
6673,272,17
6674,272,18
6675,272,19
6676,272,20
6677,272,21
6678,272,22
6679,272,23
6680,272,24
6681,273,1
6682,273,2
6683,273,3
6684,273,4
6685,273,5
6686,273,6
6687,273,7
6688,273,8
6689,273,9
6690,273,10
6691,273,11
6692,273,12
6693,273,13
6694,273,14
6695,273,15
6696,273,16
6697,273,17
6698,273,18
6699,273,19
6700,273,20
6701,273,21
6702,273,22
6703,273,23
6704,273,24
6705,274,1
6706,274,2
6707,274,3
6708,274,4
6709,274,5
6710,274,6
6711,274,7
6712,274,8
6713,274,9
6714,274,10
6715,274,11
6716,274,12
6717,274,13
6718,274,14
6719,274,15
6720,274,16
6721,274,17
6722,274,18
6723,274,19
6724,274,20
6725,274,21
6726,274,22
6727,274,23
6728,274,24
6729,275,1
6730,275,2
6731,275,3
6732,275,4
6733,275,5
6734,275,6
6735,275,7
6736,275,8
6737,275,9
6738,275,10
6739,275,11
6740,275,12
6741,275,13
6742,275,14
6743,275,15
6744,275,16
6745,275,17
6746,275,18
6747,275,19
6748,275,20
6749,275,21
6750,275,22
6751,275,23
6752,275,24
6753,276,1
6754,276,2
6755,276,3
6756,276,4
6757,276,5
6758,276,6
6759,276,7
6760,276,8
6761,276,9
6762,276,10
6763,276,11
6764,276,12
6765,276,13
6766,276,14
6767,276,15
6768,276,16
6769,276,17
6770,276,18
6771,276,19
6772,276,20
6773,276,21
6774,276,22
6775,276,23
6776,276,24
6777,277,1
6778,277,2
6779,277,3
6780,277,4
6781,277,5
6782,277,6
6783,277,7
6784,277,8
6785,277,9
6786,277,10
6787,277,11
6788,277,12
6789,277,13
6790,277,14
6791,277,15
6792,277,16
6793,277,17
6794,277,18
6795,277,19
6796,277,20
6797,277,21
6798,277,22
6799,277,23
6800,277,24
6801,278,1
6802,278,2
6803,278,3
6804,278,4
6805,278,5
6806,278,6
6807,278,7
6808,278,8
6809,278,9
6810,278,10
6811,278,11
6812,278,12
6813,278,13
6814,278,14
6815,278,15
6816,278,16
6817,278,17
6818,278,18
6819,278,19
6820,278,20
6821,278,21
6822,278,22
6823,278,23
6824,278,24
6825,279,1
6826,279,2
6827,279,3
6828,279,4
6829,279,5
6830,279,6
6831,279,7
6832,279,8
6833,279,9
6834,279,10
6835,279,11
6836,279,12
6837,279,13
6838,279,14
6839,279,15
6840,279,16
6841,279,17
6842,279,18
6843,279,19
6844,279,20
6845,279,21
6846,279,22
6847,279,23
6848,279,24
6849,280,1
6850,280,2
6851,280,3
6852,280,4
6853,280,5
6854,280,6
6855,280,7
6856,280,8
6857,280,9
6858,280,10
6859,280,11
6860,280,12
6861,280,13
6862,280,14
6863,280,15
6864,280,16
6865,280,17
6866,280,18
6867,280,19
6868,280,20
6869,280,21
6870,280,22
6871,280,23
6872,280,24
6873,281,1
6874,281,2
6875,281,3
6876,281,4
6877,281,5
6878,281,6
6879,281,7
6880,281,8
6881,281,9
6882,281,10
6883,281,11
6884,281,12
6885,281,13
6886,281,14
6887,281,15
6888,281,16
6889,281,17
6890,281,18
6891,281,19
6892,281,20
6893,281,21
6894,281,22
6895,281,23
6896,281,24
6897,282,1
6898,282,2
6899,282,3
6900,282,4
6901,282,5
6902,282,6
6903,282,7
6904,282,8
6905,282,9
6906,282,10
6907,282,11
6908,282,12
6909,282,13
6910,282,14
6911,282,15
6912,282,16
6913,282,17
6914,282,18
6915,282,19
6916,282,20
6917,282,21
6918,282,22
6919,282,23
6920,282,24
6921,283,1
6922,283,2
6923,283,3
6924,283,4
6925,283,5
6926,283,6
6927,283,7
6928,283,8
6929,283,9
6930,283,10
6931,283,11
6932,283,12
6933,283,13
6934,283,14
6935,283,15
6936,283,16
6937,283,17
6938,283,18
6939,283,19
6940,283,20
6941,283,21
6942,283,22
6943,283,23
6944,283,24
6945,284,1
6946,284,2
6947,284,3
6948,284,4
6949,284,5
6950,284,6
6951,284,7
6952,284,8
6953,284,9
6954,284,10
6955,284,11
6956,284,12
6957,284,13
6958,284,14
6959,284,15
6960,284,16
6961,284,17
6962,284,18
6963,284,19
6964,284,20
6965,284,21
6966,284,22
6967,284,23
6968,284,24
6969,285,1
6970,285,2
6971,285,3
6972,285,4
6973,285,5
6974,285,6
6975,285,7
6976,285,8
6977,285,9
6978,285,10
6979,285,11
6980,285,12
6981,285,13
6982,285,14
6983,285,15
6984,285,16
6985,285,17
6986,285,18
6987,285,19
6988,285,20
6989,285,21
6990,285,22
6991,285,23
6992,285,24
6993,286,1
6994,286,2
6995,286,3
6996,286,4
6997,286,5
6998,286,6
6999,286,7
7000,286,8
7001,286,9
7002,286,10
7003,286,11
7004,286,12
7005,286,13
7006,286,14
7007,286,15
7008,286,16
7009,286,17
7010,286,18
7011,286,19
7012,286,20
7013,286,21
7014,286,22
7015,286,23
7016,286,24
7017,287,1
7018,287,2
7019,287,3
7020,287,4
7021,287,5
7022,287,6
7023,287,7
7024,287,8
7025,287,9
7026,287,10
7027,287,11
7028,287,12
7029,287,13
7030,287,14
7031,287,15
7032,287,16
7033,287,17
7034,287,18
7035,287,19
7036,287,20
7037,287,21
7038,287,22
7039,287,23
7040,287,24
7041,288,1
7042,288,2
7043,288,3
7044,288,4
7045,288,5
7046,288,6
7047,288,7
7048,288,8
7049,288,9
7050,288,10
7051,288,11
7052,288,12
7053,288,13
7054,288,14
7055,288,15
7056,288,16
7057,288,17
7058,288,18
7059,288,19
7060,288,20
7061,288,21
7062,288,22
7063,288,23
7064,288,24
7065,289,1
7066,289,2
7067,289,3
7068,289,4
7069,289,5
7070,289,6
7071,289,7
7072,289,8
7073,289,9
7074,289,10
7075,289,11
7076,289,12
7077,289,13
7078,289,14
7079,289,15
7080,289,16
7081,289,17
7082,289,18
7083,289,19
7084,289,20
7085,289,21
7086,289,22
7087,289,23
7088,289,24
7089,290,1
7090,290,2
7091,290,3
7092,290,4
7093,290,5
7094,290,6
7095,290,7
7096,290,8
7097,290,9
7098,290,10
7099,290,11
7100,290,12
7101,290,13
7102,290,14
7103,290,15
7104,290,16
7105,290,17
7106,290,18
7107,290,19
7108,290,20
7109,290,21
7110,290,22
7111,290,23
7112,290,24
7113,291,1
7114,291,2
7115,291,3
7116,291,4
7117,291,5
7118,291,6
7119,291,7
7120,291,8
7121,291,9
7122,291,10
7123,291,11
7124,291,12
7125,291,13
7126,291,14
7127,291,15
7128,291,16
7129,291,17
7130,291,18
7131,291,19
7132,291,20
7133,291,21
7134,291,22
7135,291,23
7136,291,24
7137,292,1
7138,292,2
7139,292,3
7140,292,4
7141,292,5
7142,292,6
7143,292,7
7144,292,8
7145,292,9
7146,292,10
7147,292,11
7148,292,12
7149,292,13
7150,292,14
7151,292,15
7152,292,16
7153,292,17
7154,292,18
7155,292,19
7156,292,20
7157,292,21
7158,292,22
7159,292,23
7160,292,24
7161,293,1
7162,293,2
7163,293,3
7164,293,4
7165,293,5
7166,293,6
7167,293,7
7168,293,8
7169,293,9
7170,293,10
7171,293,11
7172,293,12
7173,293,13
7174,293,14
7175,293,15
7176,293,16
7177,293,17
7178,293,18
7179,293,19
7180,293,20
7181,293,21
7182,293,22
7183,293,23
7184,293,24
7185,294,1
7186,294,2
7187,294,3
7188,294,4
7189,294,5
7190,294,6
7191,294,7
7192,294,8
7193,294,9
7194,294,10
7195,294,11
7196,294,12
7197,294,13
7198,294,14
7199,294,15
7200,294,16
7201,294,17
7202,294,18
7203,294,19
7204,294,20
7205,294,21
7206,294,22
7207,294,23
7208,294,24
7209,295,1
7210,295,2
7211,295,3
7212,295,4
7213,295,5
7214,295,6
7215,295,7
7216,295,8
7217,295,9
7218,295,10
7219,295,11
7220,295,12
7221,295,13
7222,295,14
7223,295,15
7224,295,16
7225,295,17
7226,295,18
7227,296,1
7228,296,2
7229,296,3
7230,296,4
7231,296,5
7232,296,6
7233,296,7
7234,296,8
7235,296,9
7236,296,10
7237,296,11
7238,296,12
7239,296,13
7240,296,14
7241,296,15
7242,296,16
7243,296,17
7244,296,18
7245,297,1
7246,297,2
7247,297,3
7248,297,4
7249,297,5
7250,297,6
7251,297,7
7252,297,8
7253,297,9
7254,297,10
7255,297,11
7256,297,12
7257,297,13
7258,297,14
7259,297,15
7260,297,16
7261,297,17
7262,297,18
7263,298,1
7264,298,2
7265,298,3
7266,298,4
7267,298,5
7268,298,6
7269,298,7
7270,298,8
7271,298,9
7272,298,10
7273,298,11
7274,298,12
7275,298,13
7276,298,14
7277,298,15
7278,298,16
7279,298,17
7280,298,18
7281,299,1
7282,299,2
7283,299,3
7284,299,4
7285,299,5
7286,299,6
7287,299,7
7288,299,8
7289,299,9
7290,299,10
7291,299,11
7292,299,12
7293,299,13
7294,299,14
7295,299,15
7296,299,16
7297,299,17
7298,299,18
7299,300,1
7300,300,2
7301,300,3
7302,300,4
7303,300,5
7304,300,6
7305,300,7
7306,300,8
7307,300,9
7308,300,10
7309,300,11
7310,300,12
7311,300,13
7312,300,14
7313,300,15
7314,300,16
7315,300,17
7316,300,18
7317,301,1
7318,301,2
7319,301,3
7320,301,4
7321,301,5
7322,301,6
7323,301,7
7324,301,8
7325,301,9
7326,301,10
7327,301,11
7328,301,12
7329,301,13
7330,301,14
7331,301,15
7332,301,16
7333,301,17
7334,301,18
7335,301,19
7336,301,20
7337,302,1
7338,302,2
7339,302,3
7340,302,4
7341,302,5
7342,302,6
7343,302,7
7344,302,8
7345,302,9
7346,302,10
7347,302,11
7348,302,12
7349,302,13
7350,302,14
7351,302,15
7352,302,16
7353,302,17
7354,302,18
7355,302,19
7356,302,20
7357,303,1
7358,303,2
7359,303,3
7360,303,4
7361,303,5
7362,303,6
7363,303,7
7364,303,8
7365,303,9
7366,303,10
7367,303,11
7368,303,12
7369,303,13
7370,303,14
7371,303,15
7372,303,16
7373,303,17
7374,303,18
7375,303,19
7376,303,20
7377,304,1
7378,304,2
7379,304,3
7380,304,4
7381,304,5
7382,304,6
7383,304,7
7384,304,8
7385,304,9
7386,304,10
7387,304,11
7388,304,12
7389,304,13
7390,304,14
7391,304,15
7392,304,16
7393,304,17
7394,304,18
7395,304,19
7396,304,20
7397,305,1
7398,305,2
7399,305,3
7400,305,4
7401,305,5
7402,305,6
7403,305,7
7404,305,8
7405,305,9
7406,305,10
7407,305,11
7408,305,12
7409,305,13
7410,305,14
7411,305,15
7412,305,16
7413,305,17
7414,305,18
7415,305,19
7416,305,20
7417,306,1
7418,306,2
7419,306,3
7420,306,4
7421,306,5
7422,306,6
7423,306,7
7424,306,8
7425,306,9
7426,306,10
7427,306,11
7428,306,12
7429,306,13
7430,306,14
7431,306,15
7432,306,16
7433,306,17
7434,306,18
7435,306,19
7436,306,20
7437,307,1
7438,307,2
7439,307,3
7440,307,4
7441,307,5
7442,307,6
7443,307,7
7444,307,8
7445,307,9
7446,307,10
7447,307,11
7448,307,12
7449,307,13
7450,307,14
7451,307,15
7452,307,16
7453,307,17
7454,307,18
7455,307,19
7456,307,20
7457,308,1
7458,308,2
7459,308,3
7460,308,4
7461,308,5
7462,308,6
7463,308,7
7464,308,8
7465,308,9
7466,308,10
7467,308,11
7468,308,12
7469,308,13
7470,308,14
7471,308,15
7472,308,16
7473,308,17
7474,308,18
7475,308,19
7476,308,20
7477,309,1
7478,309,2
7479,309,3
7480,309,4
7481,309,5
7482,309,6
7483,309,7
7484,309,8
7485,309,9
7486,309,10
7487,309,11
7488,309,12
7489,309,13
7490,309,14
7491,309,15
7492,309,16
7493,309,17
7494,309,18
7495,309,19
7496,309,20
7497,310,1
7498,310,2
7499,310,3
7500,310,4
7501,310,5
7502,310,6
7503,310,7
7504,310,8
7505,310,9
7506,310,10
7507,310,11
7508,310,12
7509,310,13
7510,310,14
7511,310,15
7512,310,16
7513,310,17
7514,310,18
7515,310,19
7516,310,20
7517,311,1
7518,311,2
7519,311,3
7520,311,4
7521,311,5
7522,311,6
7523,311,7
7524,311,8
7525,311,9
7526,311,10
7527,311,11
7528,311,12
7529,311,13
7530,311,14
7531,311,15
7532,311,16
7533,311,17
7534,311,18
7535,311,19
7536,311,20
7537,311,21
7538,311,22
7539,312,1
7540,312,2
7541,312,3
7542,312,4
7543,312,5
7544,312,6
7545,312,7
7546,312,8
7547,312,9
7548,312,10
7549,312,11
7550,312,12
7551,312,13
7552,312,14
7553,312,15
7554,312,16
7555,312,17
7556,312,18
7557,312,19
7558,312,20
7559,312,21
7560,312,22
7561,313,1
7562,313,2
7563,313,3
7564,313,4
7565,313,5
7566,313,6
7567,313,7
7568,313,8
7569,313,9
7570,313,10
7571,313,11
7572,313,12
7573,313,13
7574,313,14
7575,313,15
7576,313,16
7577,313,17
7578,313,18
7579,313,19
7580,313,20
7581,313,21
7582,313,22
7583,314,1
7584,314,2
7585,314,3
7586,314,4
7587,314,5
7588,314,6
7589,314,7
7590,314,8
7591,314,9
7592,314,10
7593,314,11
7594,314,12
7595,314,13
7596,314,14
7597,314,15
7598,314,16
7599,314,17
7600,314,18
7601,314,19
7602,314,20
7603,314,21
7604,314,22
7605,315,1
7606,315,2
7607,315,3
7608,315,4
7609,315,5
7610,315,6
7611,315,7
7612,315,8
7613,315,9
7614,315,10
7615,315,11
7616,315,12
7617,315,13
7618,315,14
7619,315,15
7620,315,16
7621,315,17
7622,315,18
7623,315,19
7624,315,20
7625,315,21
7626,315,22
7627,316,1
7628,316,2
7629,316,3
7630,316,4
7631,316,5
7632,316,6
7633,316,7
7634,316,8
7635,316,9
7636,316,10
7637,316,11
7638,316,12
7639,316,13
7640,316,14
7641,316,15
7642,316,16
7643,316,17
7644,316,18
7645,316,19
7646,316,20
7647,316,21
7648,316,22
7649,317,1
7650,317,2
7651,317,3
7652,317,4
7653,317,5
7654,317,6
7655,317,7
7656,317,8
7657,317,9
7658,317,10
7659,317,11
7660,317,12
7661,317,13
7662,317,14
7663,317,15
7664,317,16
7665,317,17
7666,317,18
7667,317,19
7668,317,20
7669,317,21
7670,317,22
7671,318,1
7672,318,2
7673,318,3
7674,318,4
7675,318,5
7676,318,6
7677,318,7
7678,318,8
7679,318,9
7680,318,10
7681,318,11
7682,318,12
7683,318,13
7684,318,14
7685,318,15
7686,318,16
7687,318,17
7688,318,18
7689,318,19
7690,318,20
7691,318,21
7692,318,22
7693,319,1
7694,319,2
7695,319,3
7696,319,4
7697,319,5
7698,319,6
7699,319,7
7700,319,8
7701,319,9
7702,319,10
7703,319,11
7704,319,12
7705,319,13
7706,319,14
7707,319,15
7708,319,16
7709,319,17
7710,319,18
7711,319,19
7712,319,20
7713,319,21
7714,319,22
7715,320,1
7716,320,2
7717,320,3
7718,320,4
7719,320,5
7720,320,6
7721,320,7
7722,320,8
7723,320,9
7724,320,10
7725,320,11
7726,320,12
7727,320,13
7728,320,14
7729,320,15
7730,320,16
7731,320,17
7732,320,18
7733,320,19
7734,320,20
7735,320,21
7736,320,22
7737,321,1
7738,321,2
7739,321,3
7740,321,4
7741,321,5
7742,321,6
7743,321,7
7744,321,8
7745,321,9
7746,321,10
7747,321,11
7748,321,12
7749,321,13
7750,321,14
7751,321,15
7752,321,16
7753,321,17
7754,321,18
7755,321,19
7756,321,20
7757,321,21
7758,321,22
7759,322,1
7760,322,2
7761,322,3
7762,322,4
7763,322,5
7764,322,6
7765,322,7
7766,322,8
7767,322,9
7768,322,10
7769,322,11
7770,322,12
7771,322,13
7772,322,14
7773,322,15
7774,322,16
7775,322,17
7776,322,18
7777,322,19
7778,322,20
7779,322,21
7780,322,22
7781,323,1
7782,323,2
7783,323,3
7784,323,4
7785,323,5
7786,323,6
7787,323,7
7788,323,8
7789,323,9
7790,323,10
7791,323,11
7792,323,12
7793,323,13
7794,323,14
7795,323,15
7796,323,16
7797,323,17
7798,323,18
7799,323,19
7800,323,20
7801,323,21
7802,323,22
7803,324,1
7804,324,2
7805,324,3
7806,324,4
7807,324,5
7808,324,6
7809,324,7
7810,324,8
7811,324,9
7812,324,10
7813,324,11
7814,324,12
7815,324,13
7816,324,14
7817,324,15
7818,324,16
7819,324,17
7820,324,18
7821,324,19
7822,324,20
7823,324,21
7824,324,22
7825,325,1
7826,325,2
7827,325,3
7828,325,4
7829,325,5
7830,325,6
7831,325,7
7832,325,8
7833,325,9
7834,325,10
7835,325,11
7836,325,12
7837,325,13
7838,325,14
7839,325,15
7840,325,16
7841,325,17
7842,325,18
7843,325,19
7844,325,20
7845,325,21
7846,325,22
7847,326,1
7848,326,2
7849,326,3
7850,326,4
7851,326,5
7852,326,6
7853,326,7
7854,326,8
7855,326,9
7856,326,10
7857,326,11
7858,326,12
7859,326,13
7860,326,14
7861,326,15
7862,326,16
7863,326,17
7864,326,18
7865,326,19
7866,326,20
7867,326,21
7868,326,22
7869,327,1
7870,327,2
7871,327,3
7872,327,4
7873,327,5
7874,327,6
7875,327,7
7876,327,8
7877,327,9
7878,327,10
7879,327,11
7880,327,12
7881,327,13
7882,327,14
7883,327,15
7884,327,16
7885,327,17
7886,327,18
7887,327,19
7888,327,20
7889,327,21
7890,327,22
7891,328,1
7892,328,2
7893,328,3
7894,328,4
7895,328,5
7896,328,6
7897,328,7
7898,328,8
7899,328,9
7900,328,10
7901,328,11
7902,328,12
7903,328,13
7904,328,14
7905,328,15
7906,328,16
7907,328,17
7908,328,18
7909,328,19
7910,328,20
7911,328,21
7912,328,22
7913,329,1
7914,329,2
7915,329,3
7916,329,4
7917,329,5
7918,329,6
7919,329,7
7920,329,8
7921,329,9
7922,329,10
7923,329,11
7924,329,12
7925,329,13
7926,329,14
7927,329,15
7928,329,16
7929,329,17
7930,329,18
7931,329,19
7932,329,20
7933,329,21
7934,329,22
7935,329,23
7936,329,24
7937,330,1
7938,330,2
7939,330,3
7940,330,4
7941,330,5
7942,330,6
7943,330,7
7944,330,8
7945,330,9
7946,330,10
7947,330,11
7948,330,12
7949,330,13
7950,330,14
7951,330,15
7952,330,16
7953,330,17
7954,330,18
7955,330,19
7956,330,20
7957,330,21
7958,330,22
7959,330,23
7960,330,24
7961,331,1
7962,331,2
7963,331,3
7964,331,4
7965,331,5
7966,331,6
7967,331,7
7968,331,8
7969,331,9
7970,331,10
7971,331,11
7972,331,12
7973,331,13
7974,331,14
7975,331,15
7976,331,16
7977,331,17
7978,331,18
7979,331,19
7980,331,20
7981,331,21
7982,331,22
7983,331,23
7984,331,24
7985,332,1
7986,332,2
7987,332,3
7988,332,4
7989,332,5
7990,332,6
7991,332,7
7992,332,8
7993,332,9
7994,332,10
7995,332,11
7996,332,12
7997,332,13
7998,332,14
7999,332,15
8000,332,16
8001,332,17
8002,332,18
8003,332,19
8004,332,20
8005,332,21
8006,332,22
8007,332,23
8008,332,24
8009,333,1
8010,333,2
8011,333,3
8012,333,4
8013,333,5
8014,333,6
8015,333,7
8016,333,8
8017,333,9
8018,333,10
8019,333,11
8020,333,12
8021,333,13
8022,333,14
8023,333,15
8024,333,16
8025,333,17
8026,333,18
8027,333,19
8028,333,20
8029,333,21
8030,333,22
8031,333,23
8032,333,24
8033,334,1
8034,334,2
8035,334,3
8036,334,4
8037,334,5
8038,334,6
8039,334,7
8040,334,8
8041,334,9
8042,334,10
8043,334,11
8044,334,12
8045,334,13
8046,334,14
8047,334,15
8048,334,16
8049,334,17
8050,334,18
8051,334,19
8052,334,20
8053,334,21
8054,334,22
8055,334,23
8056,334,24
8057,335,1
8058,335,2
8059,335,3
8060,335,4
8061,335,5
8062,335,6
8063,335,7
8064,335,8
8065,335,9
8066,335,10
8067,335,11
8068,335,12
8069,335,13
8070,335,14
8071,335,15
8072,335,16
8073,335,17
8074,335,18
8075,335,19
8076,335,20
8077,335,21
8078,335,22
8079,335,23
8080,335,24
8081,336,1
8082,336,2
8083,336,3
8084,336,4
8085,336,5
8086,336,6
8087,336,7
8088,336,8
8089,336,9
8090,336,10
8091,336,11
8092,336,12
8093,336,13
8094,336,14
8095,336,15
8096,336,16
8097,336,17
8098,336,18
8099,336,19
8100,336,20
8101,336,21
8102,336,22
8103,336,23
8104,336,24
8105,337,1
8106,337,2
8107,337,3
8108,337,4
8109,337,5
8110,337,6
8111,337,7
8112,337,8
8113,337,9
8114,337,10
8115,337,11
8116,337,12
8117,337,13
8118,337,14
8119,337,15
8120,337,16
8121,337,17
8122,337,18
8123,337,19
8124,337,20
8125,337,21
8126,337,22
8127,337,23
8128,337,24
8129,338,1
8130,338,2
8131,338,3
8132,338,4
8133,338,5
8134,338,6
8135,338,7
8136,338,8
8137,338,9
8138,338,10
8139,338,11
8140,338,12
8141,338,13
8142,338,14
8143,338,15
8144,338,16
8145,338,17
8146,338,18
8147,338,19
8148,338,20
8149,338,21
8150,338,22
8151,338,23
8152,338,24
8153,339,1
8154,339,2
8155,339,3
8156,339,4
8157,339,5
8158,339,6
8159,339,7
8160,339,8
8161,339,9
8162,339,10
8163,339,11
8164,339,12
8165,339,13
8166,339,14
8167,339,15
8168,339,16
8169,339,17
8170,339,18
8171,339,19
8172,339,20
8173,339,21
8174,339,22
8175,339,23
8176,339,24
8177,340,1
8178,340,2
8179,340,3
8180,340,4
8181,340,5
8182,340,6
8183,340,7
8184,340,8
8185,340,9
8186,340,10
8187,340,11
8188,340,12
8189,340,13
8190,340,14
8191,340,15
8192,340,16
8193,340,17
8194,340,18
8195,340,19
8196,340,20
8197,340,21
8198,340,22
8199,340,23
8200,340,24
8201,341,1
8202,341,2
8203,341,3
8204,341,4
8205,341,5
8206,341,6
8207,341,7
8208,341,8
8209,341,9
8210,341,10
8211,341,11
8212,341,12
8213,341,13
8214,341,14
8215,341,15
8216,341,16
8217,341,17
8218,341,18
8219,341,19
8220,341,20
8221,341,21
8222,341,22
8223,341,23
8224,341,24
8225,342,1
8226,342,2
8227,342,3
8228,342,4
8229,342,5
8230,342,6
8231,342,7
8232,342,8
8233,342,9
8234,342,10
8235,342,11
8236,342,12
8237,342,13
8238,342,14
8239,342,15
8240,342,16
8241,342,17
8242,342,18
8243,342,19
8244,342,20
8245,342,21
8246,342,22
8247,342,23
8248,342,24
8249,343,1
8250,343,2
8251,343,3
8252,343,4
8253,343,5
8254,343,6
8255,343,7
8256,343,8
8257,343,9
8258,343,10
8259,343,11
8260,343,12
8261,343,13
8262,343,14
8263,343,15
8264,343,16
8265,343,17
8266,343,18
8267,343,19
8268,343,20
8269,343,21
8270,343,22
8271,343,23
8272,343,24
8273,344,1
8274,344,2
8275,344,3
8276,344,4
8277,344,5
8278,344,6
8279,344,7
8280,344,8
8281,344,9
8282,344,10
8283,344,11
8284,344,12
8285,344,13
8286,344,14
8287,344,15
8288,344,16
8289,344,17
8290,344,18
8291,344,19
8292,344,20
8293,344,21
8294,344,22
8295,344,23
8296,344,24
8297,345,1
8298,345,2
8299,345,3
8300,345,4
8301,345,5
8302,345,6
8303,345,7
8304,345,8
8305,345,9
8306,345,10
8307,345,11
8308,345,12
8309,345,13
8310,345,14
8311,345,15
8312,345,16
8313,345,17
8314,345,18
8315,345,19
8316,345,20
8317,345,21
8318,345,22
8319,345,23
8320,345,24
8321,346,1
8322,346,2
8323,346,3
8324,346,4
8325,346,5
8326,346,6
8327,346,7
8328,346,8
8329,346,9
8330,346,10
8331,346,11
8332,346,12
8333,346,13
8334,346,14
8335,346,15
8336,346,16
8337,346,17
8338,346,18
8339,346,19
8340,346,20
8341,346,21
8342,346,22
8343,346,23
8344,346,24
8345,347,1
8346,347,2
8347,347,3
8348,347,4
8349,347,5
8350,347,6
8351,347,7
8352,347,8
8353,347,9
8354,347,10
8355,347,11
8356,347,12
8357,347,13
8358,347,14
8359,347,15
8360,347,16
8361,347,17
8362,347,18
8363,347,19
8364,347,20
8365,347,21
8366,347,22
8367,347,23
8368,347,24
8369,348,1
8370,348,2
8371,348,3
8372,348,4
8373,348,5
8374,348,6
8375,348,7
8376,348,8
8377,348,9
8378,348,10
8379,348,11
8380,348,12
8381,348,13
8382,348,14
8383,348,15
8384,348,16
8385,348,17
8386,348,18
8387,348,19
8388,348,20
8389,348,21
8390,348,22
8391,348,23
8392,348,24
8393,349,1
8394,349,2
8395,349,3
8396,349,4
8397,349,5
8398,349,6
8399,349,7
8400,349,8
8401,349,9
8402,349,10
8403,349,11
8404,349,12
8405,349,13
8406,349,14
8407,349,15
8408,349,16
8409,349,17
8410,349,18
8411,349,19
8412,349,20
8413,349,21
8414,349,22
8415,349,23
8416,349,24
8417,350,1
8418,350,2
8419,350,3
8420,350,4
8421,350,5
8422,350,6
8423,350,7
8424,350,8
8425,350,9
8426,350,10
8427,350,11
8428,350,12
8429,350,13
8430,350,14
8431,350,15
8432,350,16
8433,350,17
8434,350,18
8435,350,19
8436,350,20
8437,350,21
8438,350,22
8439,350,23
8440,350,24
8441,351,1
8442,351,2
8443,351,3
8444,351,4
8445,351,5
8446,351,6
8447,351,7
8448,351,8
8449,351,9
8450,351,10
8451,351,11
8452,351,12
8453,351,13
8454,351,14
8455,351,15
8456,351,16
8457,351,17
8458,351,18
8459,351,19
8460,351,20
8461,351,21
8462,351,22
8463,351,23
8464,351,24
8465,352,1
8466,352,2
8467,352,3
8468,352,4
8469,352,5
8470,352,6
8471,352,7
8472,352,8
8473,352,9
8474,352,10
8475,352,11
8476,352,12
8477,352,13
8478,352,14
8479,352,15
8480,352,16
8481,352,17
8482,352,18
8483,352,19
8484,352,20
8485,352,21
8486,352,22
8487,352,23
8488,352,24
